Model Name,K Value,Search Size,Number of Calls,Time Elapsed,IoU,Mahalanobis,Bhattacharyya
Open Loop First Order,1,0.1,490,0.18401741981506348,0.5679012345679012,0.28954595950014156,0.06281550118158646
Open Loop First Order,1,0.1,490,0.18352293968200684,1.0,0.0,0.0
Open Loop First Order,1,0.1,490,0.1901102066040039,0.5807281615849736,0.3376846368192515,0.0560991123110224
Open Loop First Order,1,0.1,490,0.19129085540771484,1.0,0.039969973149205244,0.00028486332171450275
Open Loop First Order,1,0.1,490,0.1930220127105713,1.0,0.0,0.0
Open Loop First Order,1,0.1,490,0.1834559440612793,0.5848643073551215,0.3376846368192515,0.0560991123110224
Open Loop First Order,1,0.1,490,0.1881427764892578,0.5832901554404145,0.3376846368192515,0.0560991123110224
Open Loop First Order,1,0.1,490,0.18601584434509277,1.0,0.0,0.0
Open Loop First Order,1,0.1,490,0.19263434410095215,1.0,0.0,0.0
Open Loop First Order,1,0.1,490,0.1896679401397705,0.5858727527731735,0.3376846368192515,0.0560991123110224
Open Loop First Order,3,0.1,490,0.20001673698425293,0.9679470872551513,0.09695107127083485,0.001840844402722932
Open Loop First Order,3,0.1,490,0.19833111763000488,1.0,0.0,0.0
Open Loop First Order,3,0.1,490,0.1920933723449707,0.5703606557377049,0.39156020399714714,0.07223072486237694
Open Loop First Order,3,0.1,490,0.19302773475646973,0.5764160793526495,0.39156020399714714,0.07223072486237694
Open Loop First Order,3,0.1,490,0.19403934478759766,0.9840606722797095,0.019818614164111546,0.000429008618218952
Open Loop First Order,3,0.1,490,0.1960151195526123,1.0,0.03016153933227265,0.00017994028288643502
Open Loop First Order,3,0.1,490,0.1960146427154541,0.7391164348274085,0.2377641287820248,0.04491020267728526
Open Loop First Order,3,0.1,490,0.19501686096191406,0.7562467464862052,0.19659169318267375,0.029720646226896942
Open Loop First Order,3,0.1,490,0.19061565399169922,0.9849861460145628,0.04966414928112968,0.0005044053049447618
Open Loop First Order,3,0.1,490,0.2010180950164795,0.569290573372206,0.28954595950014156,0.06281550118158646
Open Loop First Order,5,0.1,490,0.37657880783081055,0.8013071057858653,0.15600852993513553,0.016221899618916267
Open Loop First Order,5,0.1,490,0.20135831832885742,1.0,0.0,0.0
Open Loop First Order,5,0.1,490,0.20122933387756348,0.7365005192107996,0.23618399624378578,0.03215590175351974
Open Loop First Order,5,0.1,490,0.20723581314086914,0.7542063847482566,0.23903852057781516,0.02365662027389404
Open Loop First Order,5,0.1,490,0.20587444305419922,0.9845524761472059,0.04966414928112968,0.0005044053049447618
Open Loop First Order,5,0.1,490,0.20702195167541504,0.5476098936306549,0.2435605085703468,0.06934651469218713
Open Loop First Order,5,0.1,490,0.2093944549560547,0.5699889474026396,0.39156020399714714,0.07223072486237694
Open Loop First Order,5,0.1,490,0.20252132415771484,1.0,0.0,0.0
Open Loop First Order,5,0.1,490,0.20652556419372559,0.7687647471462279,0.24534965922960192,0.02672813639024937
Open Loop First Order,5,0.1,490,0.209824800491333,0.5537641399037836,0.3989036970623947,0.09163789798140573
Open Loop First Order,7,0.1,490,0.21611547470092773,0.7218064351052261,0.1431495395711657,0.028777555975503542
Open Loop First Order,7,0.1,490,0.20636463165283203,0.5629682252647895,0.39156020399714714,0.07223072486237694
Open Loop First Order,7,0.1,490,0.2156221866607666,0.9370449126876732,0.11466557774759098,0.010901001441846912
Open Loop First Order,7,0.1,490,0.21043825149536133,0.5782026768642448,0.39156020399714714,0.07223072486237694
Open Loop First Order,7,0.1,490,0.21080613136291504,0.5531203804871778,0.34383457618915214,0.08048661914375788
Open Loop First Order,7,0.1,490,0.21161651611328125,0.747460368812682,0.2844533787733367,0.02988536832399892
Open Loop First Order,7,0.1,490,0.21012425422668457,0.562475746992627,0.43975529569783567,0.08779010780502863
Open Loop First Order,7,0.1,490,0.2072281837463379,0.4176383431037815,0.30874220969971833,0.05727628007287812
Open Loop First Order,7,0.1,490,0.2171030044555664,0.9692618938850095,0.06799270653633462,0.001518114334968404
Open Loop First Order,7,0.1,490,0.2186129093170166,0.7815368812993516,0.3188162401536219,0.033003145071179324
Open Loop First Order,10,0.1,490,0.23262333869934082,0.2803439963515538,0.6305796748705775,0.2230428349110119
Open Loop First Order,10,0.1,490,0.22401833534240723,0.531193838254172,0.3924710441447845,0.09731560191064778
Open Loop First Order,10,0.1,490,0.4084665775299072,0.7260808390892811,0.18872700795713182,0.03498865719537635
Open Loop First Order,10,0.1,490,0.22857379913330078,0.7874420998455995,0.2326726377996347,0.021431020993619137
Open Loop First Order,10,0.1,490,0.21609878540039062,0.8,0.4266046122007583,0.026349272961287896
Open Loop First Order,10,0.1,490,0.23206758499145508,0.571419346506522,0.28954595950014156,0.06281550118158646
Open Loop First Order,10,0.1,490,0.21902060508728027,0.2786044125192406,0.0373416873662222,0.23200392359911623
Open Loop First Order,10,0.1,490,0.21933674812316895,0.6735348867064638,0.4315200442643643,0.05199522076130836
Open Loop First Order,10,0.1,490,0.2253108024597168,0.7730207929742994,0.24534965922960192,0.02672813639024937
Open Loop First Order,10,0.1,490,0.22601819038391113,0.33634778115108843,0.4832066213429706,0.03539553775132587
Open Loop First Order,15,0.1,490,0.23522329330444336,0.5268069768938662,0.20650156529553276,0.047410756017007456
Open Loop First Order,15,0.1,490,0.24230313301086426,0.23266632679072138,0.799263946318415,0.24726545472725678
Open Loop First Order,15,0.1,490,0.24288010597229004,0.3096076297766114,0.2992391391544708,0.1127956977745814
Open Loop First Order,15,0.1,490,0.23912453651428223,0.0,1.0,1.0
Open Loop First Order,15,0.1,490,0.24114108085632324,0.1994526617579983,0.2625026961912056,0.15010313745023218
Open Loop First Order,15,0.1,490,0.24453020095825195,0.33735017399149375,0.1664984238080937,0.022131182126327642
Open Loop First Order,15,0.1,490,0.245039701461792,0.7388083735909823,0.4257828497001277,0.06520528271354403
Open Loop First Order,15,0.1,490,0.24152135848999023,0.45015515903801395,0.9253103672043574,0.13103436929163537
Open Loop First Order,15,0.1,490,0.23767447471618652,0.7680156657963446,0.2715116596506072,0.034496582166721926
Open Loop First Order,15,0.1,490,0.24592900276184082,0.7358769785098443,0.40552119908029227,0.03403179550698401
Open Loop First Order,20,0.1,490,0.25252223014831543,0.3876562602264546,0.509324660926649,0.06602629606649318
Open Loop First Order,20,0.1,490,0.26352953910827637,0.830446909256016,0.17288539432596353,0.020538396440136265
Open Loop First Order,20,0.1,490,0.26804161071777344,0.6596903293531032,0.10706607738885125,0.028663930911657823
Open Loop First Order,20,0.1,490,0.2632119655609131,0.3023938716884775,0.3795679321414386,0.12024198276187842
Open Loop First Order,20,0.1,490,0.2575693130493164,0.4660150472638416,0.6630392692140069,0.07025448433160858
Open Loop First Order,20,0.1,490,0.24752593040466309,0.0,1.0,1.0
Open Loop First Order,20,0.1,490,0.25657224655151367,0.0,1.0,1.0
Open Loop First Order,20,0.1,490,0.4228179454803467,0.4030075187969925,0.4503895882659002,0.10112666282156652
Open Loop First Order,20,0.1,490,0.2760152816772461,0.24650203107872848,0.2554131894524847,0.056638434461529094
Open Loop First Order,20,0.1,490,0.2608034610748291,0.32010359339592104,0.5073465070058684,0.07681461347307142
Open Loop First Order,25,0.1,490,0.28304338455200195,0.21756370254810192,0.05500787666310985,0.11671223426248818
Open Loop First Order,25,0.1,490,0.28403544425964355,0.29210086195805995,0.6525696167948242,0.10760821363319337
Open Loop First Order,25,0.1,490,0.2736654281616211,0.0,1.0,1.0
Open Loop First Order,25,0.1,490,0.27420735359191895,0.13310580204778158,0.64216548314066,0.2044787779325015
Open Loop First Order,25,0.1,490,0.26818299293518066,0.0,1.0,1.0
Open Loop First Order,25,0.1,490,0.27452516555786133,0.32486353002339485,0.5963571654353791,0.05033027444750526
Open Loop First Order,25,0.1,490,0.27634668350219727,0.7844960246216979,0.2795154210857958,0.02800350213056773
Open Loop First Order,25,0.1,490,0.27402257919311523,0.05942462900286384,0.9648929425002151,0.7631951017000177
Open Loop First Order,25,0.1,490,0.27973222732543945,0.3126722645984232,0.8629261448649332,0.17100623905568824
Open Loop First Order,25,0.1,490,0.28052759170532227,0.1713424226533823,0.3618596378140179,0.3274278135209876
Open Loop First Order,1,0.2,730,0.26151037216186523,1.0,0.07020795905724239,0.0016580672598336607
Open Loop First Order,1,0.2,730,0.23801875114440918,1.0,0.0,0.0
Open Loop First Order,1,0.2,730,0.2473907470703125,1.0,0.0,0.0
Open Loop First Order,1,0.2,730,0.24070310592651367,1.0,0.0,0.0
Open Loop First Order,1,0.2,730,0.254197359085083,1.0,0.0,0.0
Open Loop First Order,1,0.2,730,0.2495255470275879,1.0,0.0,0.0
Open Loop First Order,1,0.2,730,0.25835704803466797,1.0,0.0,0.0
Open Loop First Order,1,0.2,730,0.25043797492980957,1.0,0.0,0.0
Open Loop First Order,1,0.2,730,0.252551794052124,1.0,0.0,0.0
Open Loop First Order,1,0.2,730,0.42354369163513184,0.5795071005540343,0.3376846368192515,0.0560991123110224
Open Loop First Order,3,0.2,730,0.26102566719055176,0.9706909937888198,0.09695107127083485,0.001840844402722932
Open Loop First Order,3,0.2,730,0.25582265853881836,1.0,0.03016153933227265,0.00017994028288643502
Open Loop First Order,3,0.2,730,0.2516310214996338,0.7594101668606907,0.14042476846645424,0.025974062832955926
Open Loop First Order,3,0.2,730,0.2545926570892334,0.5545209350115592,0.34383457618915214,0.08048661914375788
Open Loop First Order,3,0.2,730,0.25234103202819824,0.9695405265875064,0.09695107127083485,0.001840844402722932
Open Loop First Order,3,0.2,730,0.2571110725402832,0.9729086229086229,0.09695107127083485,0.001840844402722932
Open Loop First Order,3,0.2,730,0.2586088180541992,0.9849268986932332,0.04966414928112968,0.0005044053049447618
Open Loop First Order,3,0.2,730,0.2645227909088135,1.0,0.0,0.0
Open Loop First Order,3,0.2,730,0.24981689453125,0.5513164621676891,0.34383457618915214,0.08048661914375788
Open Loop First Order,3,0.2,730,0.25518107414245605,0.5241029591116246,0.38935049697914303,0.09434988404866701
Open Loop First Order,5,0.2,730,0.27303647994995117,0.7684081685241255,0.18540918669516437,0.023174160515016716
Open Loop First Order,5,0.2,730,0.2625279426574707,1.0,0.0,0.0
Open Loop First Order,5,0.2,730,0.2680211067199707,0.7430524211748017,0.2783322396060431,0.038140075323143084
Open Loop First Order,5,0.2,730,0.2661445140838623,0.5530987630583862,0.2435605085703468,0.06934651469218713
Open Loop First Order,5,0.2,730,0.2696495056152344,0.9857298965096098,0.019818614164111546,0.000429008618218952
Open Loop First Order,5,0.2,730,0.2665224075317383,0.7933441033925687,0.11769412501530656,0.013210248829926951
Open Loop First Order,5,0.2,730,0.264024019241333,0.9847541196315038,0.10692771148881984,0.0029834040417859656
Open Loop First Order,5,0.2,730,0.2632458209991455,0.7638154890063287,0.18461040418431676,0.024032789302769562
Open Loop First Order,5,0.2,730,0.26552724838256836,0.7717511191851035,0.23063562208843313,0.030157861111053633
Open Loop First Order,5,0.2,730,0.2627756595611572,0.5735944820406038,0.39156020399714714,0.07223072486237694
Open Loop First Order,7,0.2,730,0.2722358703613281,0.9562532501300052,0.09026523560284849,0.00652339157461077
Open Loop First Order,7,0.2,730,0.2769503593444824,0.7993188536177869,0.19392592931228309,0.012626930584307288
Open Loop First Order,7,0.2,730,0.27453017234802246,0.9089855072463768,0.1449740043997204,0.013022464910149072
Open Loop First Order,7,0.2,730,0.2726001739501953,0.5597682652075957,0.2435605085703468,0.06934651469218713
Open Loop First Order,7,0.2,730,0.2677338123321533,0.9239095210318232,0.15438705271780606,0.00921991475987509
Open Loop First Order,7,0.2,730,0.27301836013793945,0.7882058200038543,0.2336493351868694,0.021899978853506488
Open Loop First Order,7,0.2,730,0.27860140800476074,0.785248757824095,0.2769605809746404,0.02706456117436001
Open Loop First Order,7,0.2,730,0.27778077125549316,1.0,0.07020795905724239,0.0016580672598336607
Open Loop First Order,7,0.2,730,0.4505879878997803,0.736342968496265,0.1538589700705452,0.03222614261924776
Open Loop First Order,7,0.2,730,0.2640962600708008,0.5689048239895698,0.39156020399714714,0.07223072486237694
Open Loop First Order,10,0.2,730,0.28696775436401367,0.8098861788617886,0.1302399992460535,0.011553172020436537
Open Loop First Order,10,0.2,730,0.26905250549316406,0.3581867563372995,0.33974025581479217,0.09713240665969608
Open Loop First Order,10,0.2,730,0.2719392776489258,0.7574700247414832,0.22380822906978348,0.03689891621626147
Open Loop First Order,10,0.2,730,0.27753162384033203,0.7477824913227922,0.24343538031983808,0.03714679725022255
Open Loop First Order,10,0.2,730,0.2827455997467041,0.9844103758328482,0.10692771148881984,0.0029834040417859656
Open Loop First Order,10,0.2,730,0.27660632133483887,0.5217391304347826,0.39727409790059254,0.09501878156972443
Open Loop First Order,10,0.2,730,0.27501916885375977,0.5720908972182317,0.28954595950014156,0.06281550118158646
Open Loop First Order,10,0.2,730,0.28658509254455566,0.8007262823422605,0.23109387555011957,0.015755299421128167
Open Loop First Order,10,0.2,730,0.2900707721710205,0.778385684860968,0.2336493351868694,0.021899978853506488
Open Loop First Order,10,0.2,730,0.29454469680786133,0.7443369896800156,0.24343538031983808,0.03714679725022255
Open Loop First Order,15,0.2,730,0.30437660217285156,0.7877463134542607,0.2326726377996347,0.021431020993619137
Open Loop First Order,15,0.2,730,0.2920355796813965,0.3771106941838649,0.23124207418453763,0.13235089028258254
Open Loop First Order,15,0.2,730,0.2890353202819824,0.5187467566165024,0.34697441760983505,0.10633107052767739
Open Loop First Order,15,0.2,730,0.2972266674041748,0.7900736471341658,0.12128774786347539,0.016964826286531377
Open Loop First Order,15,0.2,730,0.3005404472351074,0.7546044098573281,0.22380822906978348,0.03689891621626147
Open Loop First Order,15,0.2,730,0.29889488220214844,0.7431403901503038,0.20032235501221857,0.03958927706585498
Open Loop First Order,15,0.2,730,0.29453563690185547,0.07663008392511297,0.8768762799783942,0.7872138056658231
Open Loop First Order,15,0.2,730,0.30648112297058105,0.7361255186721992,0.2783322396060431,0.038140075323143084
Open Loop First Order,15,0.2,730,0.30657196044921875,0.8298686392041832,0.39947756393802153,0.023714726786194306
Open Loop First Order,15,0.2,730,0.31053924560546875,0.24525519363939471,0.45022201861438804,0.09073517376247742
Open Loop First Order,20,0.2,730,0.3109707832336426,0.6620872033023736,0.1366369554601589,0.02320702969319345
Open Loop First Order,20,0.2,730,0.48206138610839844,0.6683190920357446,0.20240363626989313,0.018300677952372897
Open Loop First Order,20,0.2,730,0.3184835910797119,0.7424261956942116,0.29561227937673623,0.03595758162940571
Open Loop First Order,20,0.2,730,0.3200492858886719,0.6449096346378884,0.11676723341293828,0.012691404266865665
Open Loop First Order,20,0.2,730,0.3211979866027832,0.6991555469606137,0.3587703728237547,0.073505461319948
Open Loop First Order,20,0.2,730,0.3112311363220215,0.5864617778642287,0.5411928237939474,0.04280367095311535
Open Loop First Order,20,0.2,730,0.32805919647216797,0.49163814812423323,0.1728926165640342,0.03608858253158442
Open Loop First Order,20,0.2,730,0.31152915954589844,0.36453836737323625,0.8141537070845131,0.17230577098619898
Open Loop First Order,20,0.2,730,0.31818270683288574,0.5064648171009031,0.4450225249259792,0.05237619155050443
Open Loop First Order,20,0.2,730,0.31528735160827637,0.5687749068003599,0.42323510535619324,0.09095179636220585
Open Loop First Order,25,0.2,730,0.3341689109802246,0.4144933177630725,0.22392778730014104,0.0864338919922566
Open Loop First Order,25,0.2,730,0.3406848907470703,0.6449050755521116,0.21182980726087605,0.006453516854565361
Open Loop First Order,25,0.2,730,0.34265780448913574,0.3667162345639103,0.5169166675933808,0.16368071114766403
Open Loop First Order,25,0.2,730,0.32886838912963867,0.5508632308580964,0.4180458905579462,0.03725852667349904
Open Loop First Order,25,0.2,730,0.33708906173706055,0.3544550594657828,0.6740662383014641,0.09344889133946702
Open Loop First Order,25,0.2,730,0.3316938877105713,0.9092089881802832,0.2051437397946463,0.015625362933910085
Open Loop First Order,25,0.2,730,0.32829833030700684,0.4981270989408422,0.46869577547851893,0.05674781965339544
Open Loop First Order,25,0.2,730,0.3318648338317871,0.31064106736088515,0.4760773752431,0.09587120302070586
Open Loop First Order,25,0.2,730,0.34072279930114746,0.5387584221887879,0.48994501375449384,0.03437473431958433
Open Loop First Order,25,0.2,730,0.3350403308868408,0.5224145583666223,0.2895994763204251,0.03724803507545224
Open Loop First Order,1,0.3,994,0.31114983558654785,0.9707237909769555,0.05444511861860865,0.0015142258126410002
Open Loop First Order,1,0.3,994,0.48708319664001465,1.0,0.0,0.0
Open Loop First Order,1,0.3,994,0.3185389041900635,1.0,0.0,0.0
Open Loop First Order,1,0.3,994,0.32154202461242676,1.0,0.0,0.0
Open Loop First Order,1,0.3,994,0.31763768196105957,1.0,0.0,0.0
Open Loop First Order,1,0.3,994,0.3170604705810547,1.0,0.0,0.0
Open Loop First Order,1,0.3,994,0.3103606700897217,0.5840163934426229,0.3376846368192515,0.0560991123110224
Open Loop First Order,1,0.3,994,0.3170299530029297,1.0,0.0,0.0
Open Loop First Order,1,0.3,994,0.32259440422058105,1.0,0.0,0.0
Open Loop First Order,1,0.3,994,0.3295435905456543,1.0,0.0,0.0
Open Loop First Order,3,0.3,994,0.33362483978271484,0.9545073239981932,0.04142394229370076,0.0022295781558403947
Open Loop First Order,3,0.3,994,0.323711633682251,1.0,0.0,0.0
Open Loop First Order,3,0.3,994,0.321091890335083,1.0,0.0,0.0
Open Loop First Order,3,0.3,994,0.33122920989990234,0.7465244099579696,0.23903852057781516,0.02365662027389404
Open Loop First Order,3,0.3,994,0.3245201110839844,0.7523710536572691,0.14042476846645424,0.025974062832955926
Open Loop First Order,3,0.3,994,0.33768677711486816,0.9705078125,0.033293071891275415,0.0025526727006907344
Open Loop First Order,3,0.3,994,0.3291614055633545,1.0,0.03016153933227265,0.00017994028288643502
Open Loop First Order,3,0.3,994,0.32921600341796875,0.9833700012941633,0.04966414928112968,0.0005044053049447618
Open Loop First Order,3,0.3,994,0.3272716999053955,0.9849103037368047,0.04966414928112968,0.0005044053049447618
Open Loop First Order,3,0.3,994,0.324420690536499,0.9834545805703985,0.019818614164111546,0.000429008618218952
Open Loop First Order,5,0.3,994,0.3310434818267822,0.5785113184160741,0.3376846368192515,0.0560991123110224
Open Loop First Order,5,0.3,994,0.3341832160949707,0.7890458680085156,0.3183923422527269,0.032886905992702414
Open Loop First Order,5,0.3,994,0.35861635208129883,0.9230519901465059,0.19451855886310543,0.012073116191424203
Open Loop First Order,5,0.3,994,0.3318004608154297,1.0,0.1309333231480629,0.003519086090373166
Open Loop First Order,5,0.3,994,0.3455169200897217,1.0,0.03016153933227265,0.00017994028288643502
Open Loop First Order,5,0.3,994,0.5240025520324707,0.7749918593292088,0.2920543735042934,0.033992227194371706
Open Loop First Order,5,0.3,994,0.36067771911621094,0.9846998063266623,0.06776437561787219,0.0008870551196316953
Open Loop First Order,5,0.3,994,0.3625497817993164,0.9553040103492885,0.049610024431190725,0.00973581736889435
Open Loop First Order,5,0.3,994,0.34853601455688477,0.7653645501972262,0.3236229137716513,0.036359108382138364
Open Loop First Order,5,0.3,994,0.3505091667175293,0.7688572353512464,0.18540918669516437,0.023174160515016716
Open Loop First Order,7,0.3,994,0.36484479904174805,0.9859272052709013,0.019818614164111546,0.000429008618218952
Open Loop First Order,7,0.3,994,0.34390878677368164,0.81656346749226,0.16789984569632818,0.014469448639945093
Open Loop First Order,7,0.3,994,0.35082578659057617,1.0,0.055830687124986816,0.0006585971248586112
Open Loop First Order,7,0.3,994,0.35218334197998047,0.7842984337427699,0.2795154210857958,0.02800350213056773
Open Loop First Order,7,0.3,994,0.35587430000305176,0.7399882406742013,0.1538589700705452,0.03222614261924776
Open Loop First Order,7,0.3,994,0.3280463218688965,0.5740383378360994,0.28954595950014156,0.06281550118158646
Open Loop First Order,7,0.3,994,0.3316221237182617,0.5540738850252026,0.34383457618915214,0.08048661914375788
Open Loop First Order,7,0.3,994,0.3498811721801758,0.9061853002070394,0.18509093072949767,0.009704331358953723
Open Loop First Order,7,0.3,994,0.3542172908782959,0.570875290472502,0.28954595950014156,0.06281550118158646
Open Loop First Order,7,0.3,994,0.3462648391723633,0.9356139438085328,0.0802293920717245,0.009366985232293387
Open Loop First Order,10,0.3,994,0.35021352767944336,0.5543217092018963,0.43975529569783567,0.08779010780502863
Open Loop First Order,10,0.3,994,0.3536872863769531,0.7072887800476896,0.046698776218365136,0.0329783446833622
Open Loop First Order,10,0.3,994,0.34439849853515625,1.0,0.06805455259821792,0.0024093349463875785
Open Loop First Order,10,0.3,994,0.3497788906097412,0.7725106105125694,0.18461040418431676,0.024032789302769562
Open Loop First Order,10,0.3,994,0.34726715087890625,0.7118478473262555,0.06342110185822106,0.03118654410771549
Open Loop First Order,10,0.3,994,0.346299409866333,0.9847549208799691,0.019818614164111546,0.000429008618218952
Open Loop First Order,10,0.3,994,0.33820581436157227,0.7811083775734818,0.2769605809746404,0.02706456117436001
Open Loop First Order,10,0.3,994,0.3444638252258301,0.7513017443374121,0.24343538031983808,0.03714679725022255
Open Loop First Order,10,0.3,994,0.34052062034606934,0.9234323855978436,0.28253637333450626,0.019724242948555067
Open Loop First Order,10,0.3,994,0.3354675769805908,0.7362235570645077,0.19088535508203186,0.025883165589421595
Open Loop First Order,15,0.3,994,0.36771488189697266,0.8939188753466176,0.13225527589610944,0.01593637938608826
Open Loop First Order,15,0.3,994,0.36667561531066895,0.9552509053285049,0.19624849664886018,0.01191826500417239
Open Loop First Order,15,0.3,994,0.3845481872558594,0.7374192285098884,0.1538589700705452,0.03222614261924776
Open Loop First Order,15,0.3,994,0.3580300807952881,1.0,0.012229260350819508,0.0006317768151762476
Open Loop First Order,15,0.3,994,0.36769700050354004,0.47633155149095124,0.16934126610524597,0.11426173274855578
Open Loop First Order,15,0.3,994,0.36203694343566895,0.7807689830617633,0.1493069193068308,0.013018965470207838
Open Loop First Order,15,0.3,994,0.35354113578796387,0.9107640464001037,0.23466765424277164,0.011271124127626358
Open Loop First Order,15,0.3,994,0.53507399559021,0.9085073271949163,0.07510519098943393,0.021626025874050794
Open Loop First Order,15,0.3,994,0.366793155670166,0.5861557318882653,0.28573075861843433,0.03830798079785041
Open Loop First Order,15,0.3,994,0.3646810054779053,0.968608434888024,0.09149642966030566,0.004172797887658625
Open Loop First Order,20,0.3,994,0.3708362579345703,0.6168104003089201,0.41027886979923794,0.029606510916874804
Open Loop First Order,20,0.3,994,0.39261794090270996,0.5388174807197943,0.3991160419806178,0.026577183035121917
Open Loop First Order,20,0.3,994,0.3771209716796875,0.5338806359134741,0.18257421063255283,0.007407613386422356
Open Loop First Order,20,0.3,994,0.3871145248413086,0.7118743101993118,0.276212000282105,0.01845715911007573
Open Loop First Order,20,0.3,994,0.37735629081726074,0.8448998002448611,0.18794746053906192,0.015516593656045718
Open Loop First Order,20,0.3,994,0.3853871822357178,0.6483380940015581,0.38305265030149555,0.03476063781661106
Open Loop First Order,20,0.3,994,0.37248730659484863,0.7668723363653711,0.2335830263831827,0.03346635590193352
Open Loop First Order,20,0.3,994,0.380328893661499,0.9699709396189861,0.014494181320446813,0.0034739036641728126
Open Loop First Order,20,0.3,994,0.37403392791748047,0.9521262886597938,0.1094774497686141,0.00863432805449988
Open Loop First Order,20,0.3,994,0.3761415481567383,0.6897353131052292,0.10519763734227017,0.03086950695284197
Open Loop First Order,25,0.3,994,0.41235995292663574,0.5031686497672012,0.3412198410807232,0.05037696337892417
Open Loop First Order,25,0.3,994,0.40256452560424805,0.5532269435364994,0.3431758692927455,0.08428464289162674
Open Loop First Order,25,0.3,994,0.40279316902160645,0.6003389167698625,0.04602537324484809,0.01200088958706102
Open Loop First Order,25,0.3,994,0.4119291305541992,0.9663336792942397,0.3174479647913699,0.013155586906786036
Open Loop First Order,25,0.3,994,0.39504432678222656,0.6692387498378939,0.413247626381548,0.02684018813496404
Open Loop First Order,25,0.3,994,0.39954042434692383,0.6286160046804915,0.5221906583185937,0.039093164499996835
Open Loop First Order,25,0.3,994,0.4088633060455322,0.5747111514994158,0.6440325372852406,0.08462439097388992
Open Loop First Order,25,0.3,994,0.3908061981201172,0.6502931596091205,0.1144933701534318,0.01204241276660619
Open Loop First Order,25,0.3,994,0.38852667808532715,0.8506028757495647,0.28089374642481346,0.01143363350140291
Open Loop First Order,25,0.3,994,0.38538312911987305,0.4629701184956208,0.283143627868924,0.04452794480588553
Open Loop First Order,1,0.4,1234,0.3733065128326416,1.0,0.0,0.0
Open Loop First Order,1,0.4,1234,0.5392146110534668,1.0,0.0,0.0
Open Loop First Order,1,0.4,1234,0.3690342903137207,1.0,0.0,0.0
Open Loop First Order,1,0.4,1234,0.3785214424133301,0.582727744614586,0.3376846368192515,0.0560991123110224
Open Loop First Order,1,0.4,1234,0.37703728675842285,1.0,0.0,0.0
Open Loop First Order,1,0.4,1234,0.3770272731781006,1.0,0.0,0.0
Open Loop First Order,1,0.4,1234,0.3660411834716797,1.0,0.0,0.0
Open Loop First Order,1,0.4,1234,0.366591215133667,1.0,0.0,0.0
Open Loop First Order,1,0.4,1234,0.3716309070587158,1.0,0.0,0.0
Open Loop First Order,1,0.4,1234,0.37340235710144043,1.0,0.0,0.0
Open Loop First Order,3,0.4,1234,0.3755381107330322,0.9830839297332465,0.04966414928112968,0.0005044053049447618
Open Loop First Order,3,0.4,1234,0.37616515159606934,1.0,0.03016153933227265,0.00017994028288643502
Open Loop First Order,3,0.4,1234,0.3877420425415039,0.9837266597510373,0.011102237744393863,0.0006563507367353098
Open Loop First Order,3,0.4,1234,0.38237762451171875,1.0,0.0,0.0
Open Loop First Order,3,0.4,1234,0.40488576889038086,0.9684696231735452,0.06799270653633462,0.001518114334968404
Open Loop First Order,3,0.4,1234,0.39054417610168457,1.0,0.03016153933227265,0.00017994028288643502
Open Loop First Order,3,0.4,1234,0.3779423236846924,0.5868934854049874,0.3376846368192515,0.0560991123110224
Open Loop First Order,3,0.4,1234,0.3820362091064453,1.0,0.03016153933227265,0.00017994028288643502
Open Loop First Order,3,0.4,1234,0.3745894432067871,0.5389841475250728,0.2983653274685906,0.08827471034496583
Open Loop First Order,3,0.4,1234,0.38964390754699707,0.9844176081028437,0.04966414928112968,0.0005044053049447618
Open Loop First Order,5,0.4,1234,0.38146162033081055,1.0,0.07020795905724239,0.0016580672598336607
Open Loop First Order,5,0.4,1234,0.4044461250305176,0.9671525753158406,0.09695107127083485,0.001840844402722932
Open Loop First Order,5,0.4,1234,0.4202861785888672,0.7629206925620906,0.24343538031983808,0.03714679725022255
Open Loop First Order,5,0.4,1234,0.3916051387786865,0.9850746268656716,0.04966414928112968,0.0005044053049447618
Open Loop First Order,5,0.4,1234,0.38620829582214355,0.9856808122884665,0.019818614164111546,0.000429008618218952
Open Loop First Order,5,0.4,1234,0.3911874294281006,0.7670572916666667,0.24534965922960192,0.02672813639024937
Open Loop First Order,5,0.4,1234,0.3932969570159912,0.7989995452478399,0.19392592931228309,0.012626930584307288
Open Loop First Order,5,0.4,1234,0.5610620975494385,1.0,0.0,0.0
Open Loop First Order,5,0.4,1234,0.3845858573913574,0.9852251557782489,0.04966414928112968,0.0005044053049447618
Open Loop First Order,5,0.4,1234,0.3847537040710449,0.9724621679547963,0.13554557460337838,0.010544969899294179
Open Loop First Order,7,0.4,1234,0.4056711196899414,0.507899356348742,0.5895660722315308,0.11169229578667889
Open Loop First Order,7,0.4,1234,0.4069962501525879,0.9845785006155641,0.04966414928112968,0.0005044053049447618
Open Loop First Order,7,0.4,1234,0.38979172706604004,1.0,0.0,0.0
Open Loop First Order,7,0.4,1234,0.3978550434112549,1.0,0.055830687124986816,0.0006585971248586112
Open Loop First Order,7,0.4,1234,0.39603137969970703,0.9075896904546044,0.1457468236719397,0.00733530364515177
Open Loop First Order,7,0.4,1234,0.39500951766967773,0.9518299421439251,0.049610024431190725,0.00973581736889435
Open Loop First Order,7,0.4,1234,0.3901710510253906,0.7555685055685055,0.14042476846645424,0.025974062832955926
Open Loop First Order,7,0.4,1234,0.39003658294677734,0.7987278509768287,0.18470339109146497,0.017814406925204963
Open Loop First Order,7,0.4,1234,0.39524221420288086,1.0,0.03016153933227265,0.00017994028288643502
Open Loop First Order,7,0.4,1234,0.39405369758605957,0.7529836784723566,0.2416083998488219,0.030505422790769628
Open Loop First Order,10,0.4,1234,0.40081024169921875,0.9546884025415571,0.09153221963885595,0.0036105407199639853
Open Loop First Order,10,0.4,1234,0.3977539539337158,0.9536139483442847,0.0608750436612849,0.00268561380617188
Open Loop First Order,10,0.4,1234,0.4008333683013916,0.8018171122295575,0.15766309633178607,0.01021267952043052
Open Loop First Order,10,0.4,1234,0.4013502597808838,0.5682053941908713,0.28954595950014156,0.06281550118158646
Open Loop First Order,10,0.4,1234,0.39322733879089355,0.6869277225793883,0.10720272113540592,0.048364825445473054
Open Loop First Order,10,0.4,1234,0.3956878185272217,0.9088424751122389,0.1457468236719397,0.00733530364515177
Open Loop First Order,10,0.4,1234,0.4058549404144287,0.5701538859433596,0.28954595950014156,0.06281550118158646
Open Loop First Order,10,0.4,1234,0.4014458656311035,0.7518492313629639,0.18632880197817903,0.03194577986268705
Open Loop First Order,10,0.4,1234,0.3999197483062744,0.9690900895099491,0.033293071891275415,0.0025526727006907344
Open Loop First Order,10,0.4,1234,0.3923473358154297,1.0,0.025575497659000107,0.00015642787208885144
Open Loop First Order,15,0.4,1234,0.42696666717529297,0.7885139519792342,0.11577435225122992,0.010855316145953562
Open Loop First Order,15,0.4,1234,0.42685794830322266,0.7374631268436578,0.19088535508203186,0.025883165589421595
Open Loop First Order,15,0.4,1234,0.43007445335388184,0.9860126337501611,0.020831533420058706,0.00035416355972362824
Open Loop First Order,15,0.4,1234,0.4349367618560791,0.922172236503856,0.16411285040702966,0.005475371123755186
Open Loop First Order,15,0.4,1234,0.4190218448638916,0.7702808112324493,0.20588035811832295,0.027109951565230703
Open Loop First Order,15,0.4,1234,0.43161869049072266,0.7083927876507977,0.22541423964188062,0.029167201867361835
Open Loop First Order,15,0.4,1234,0.4290425777435303,0.9151554404145078,0.10484798278135699,0.010384858825878524
Open Loop First Order,15,0.4,1234,0.4237651824951172,0.9518087772280409,0.1636654440222248,0.0050203528351976424
Open Loop First Order,15,0.4,1234,0.4150354862213135,0.865398304536336,0.27320306900830166,0.01300626376215488
Open Loop First Order,15,0.4,1234,0.5745575428009033,0.5123724489795919,0.3874680600438976,0.02860008766572134
Open Loop First Order,20,0.4,1234,0.42279839515686035,0.753821243523316,0.08539177793411169,0.02222535487012409
Open Loop First Order,20,0.4,1234,0.42948150634765625,0.9550496954151971,0.02694144707706523,0.004209217267761046
Open Loop First Order,20,0.4,1234,0.4241452217102051,0.9358933264952881,0.0820299442748919,0.003004606663616261
Open Loop First Order,20,0.4,1234,0.4206078052520752,0.923146590762065,0.21332351575616224,0.011787812125083667
Open Loop First Order,20,0.4,1234,0.4358232021331787,0.5131920977384975,0.41398953983973497,0.05889145517757031
Open Loop First Order,20,0.4,1234,0.46100544929504395,0.7843788678262003,0.3714757195296915,0.037877376936715224
Open Loop First Order,20,0.4,1234,0.45269060134887695,0.5204127700741696,0.40659271227672245,0.10297702620006122
Open Loop First Order,20,0.4,1234,0.43754076957702637,0.5679958770856149,0.39156020399714714,0.07223072486237694
Open Loop First Order,20,0.4,1234,0.4240386486053467,0.9843436630652779,0.08097488587565685,0.0034707270999127593
Open Loop First Order,20,0.4,1234,0.4270823001861572,0.7975334018499486,0.28446206780356564,0.01538705058682252
Open Loop First Order,25,0.4,1234,0.4437370300292969,0.9073205218844399,0.25293229025657304,0.0141502486274298
Open Loop First Order,25,0.4,1234,0.44260501861572266,0.7559542813358023,0.3979046045651987,0.055065173304734885
Open Loop First Order,25,0.4,1234,0.4542200565338135,0.6022836615562256,0.14744710307035405,0.024014417296734748
Open Loop First Order,25,0.4,1234,0.4605529308319092,0.9392301178922686,0.13591731407496763,0.010032451306055026
Open Loop First Order,25,0.4,1234,0.4770629405975342,0.888917559024642,0.01867675597824536,0.0029566402009886567
Open Loop First Order,25,0.4,1234,0.4647696018218994,0.7156567918612835,0.03257557556976166,0.017482970372438695
Open Loop First Order,25,0.4,1234,0.47674059867858887,0.8632183908045977,0.15415070528835512,0.013155891160080157
Open Loop First Order,25,0.4,1234,0.4631638526916504,0.80058819768557,0.3686377647320836,0.01824818374473183
Open Loop First Order,25,0.4,1234,0.4610872268676758,0.6309578144356784,0.23142833094156487,0.03513760609167968
Open Loop First Order,25,0.4,1234,0.46990489959716797,0.6982753052128415,0.19994256899814875,0.011792529372785781
Open Loop First Order,1,0.5,1498,0.4355597496032715,1.0,0.0,0.0
Open Loop First Order,1,0.5,1498,0.4443838596343994,1.0,0.0,0.0
Open Loop First Order,1,0.5,1498,0.45905518531799316,1.0,0.0,0.0
Open Loop First Order,1,0.5,1498,0.4440317153930664,1.0,0.0,0.0
Open Loop First Order,1,0.5,1498,0.43946290016174316,1.0,0.0,0.0
Open Loop First Order,1,0.5,1498,0.440051794052124,1.0,0.0,0.0
Open Loop First Order,1,0.5,1498,0.4385793209075928,1.0,0.0,0.0
Open Loop First Order,1,0.5,1498,0.46109652519226074,1.0,0.0,0.0
Open Loop First Order,1,0.5,1498,0.45026612281799316,0.9675266332948274,0.09695107127083485,0.001840844402722932
Open Loop First Order,1,0.5,1498,0.44571876525878906,1.0,0.0,0.0
Open Loop First Order,3,0.5,1498,0.4515805244445801,1.0,0.0,0.0
Open Loop First Order,3,0.5,1498,0.4545156955718994,1.0,0.03016153933227265,0.00017994028288643502
Open Loop First Order,3,0.5,1498,0.6368992328643799,0.9243604726658875,0.040538454066332684,0.003661979158686498
Open Loop First Order,3,0.5,1498,0.4720475673675537,0.9684352344902803,0.06799270653633462,0.001518114334968404
Open Loop First Order,3,0.5,1498,0.4590935707092285,1.0,0.0,0.0
Open Loop First Order,3,0.5,1498,0.45954322814941406,1.0,0.0,0.0
Open Loop First Order,3,0.5,1498,0.4579496383666992,1.0,0.0,0.0
Open Loop First Order,3,0.5,1498,0.477677583694458,1.0,0.0,0.0
Open Loop First Order,3,0.5,1498,0.4690828323364258,1.0,0.0,0.0
Open Loop First Order,3,0.5,1498,0.46454429626464844,1.0,0.0,0.0
Open Loop First Order,5,0.5,1498,0.4785428047180176,1.0,0.0,0.0
Open Loop First Order,5,0.5,1498,0.46687889099121094,0.9834033062188402,0.04966414928112968,0.0005044053049447618
Open Loop First Order,5,0.5,1498,0.46738123893737793,0.9854000514535631,0.04966414928112968,0.0005044053049447618
Open Loop First Order,5,0.5,1498,0.4577677249908447,0.9223939703628002,0.15438705271780606,0.00921991475987509
Open Loop First Order,5,0.5,1498,0.49110841751098633,1.0,0.0,0.0
Open Loop First Order,5,0.5,1498,0.4920487403869629,1.0,0.0,0.0
Open Loop First Order,5,0.5,1498,0.48169517517089844,0.7845033197962998,0.19317112787244348,0.021944755202151243
Open Loop First Order,5,0.5,1498,0.45719361305236816,0.9272035592236766,0.15438705271780606,0.00921991475987509
Open Loop First Order,5,0.5,1498,0.45852112770080566,0.9843930635838151,0.019818614164111546,0.000429008618218952
Open Loop First Order,5,0.5,1498,0.4643533229827881,0.9848132351040455,0.019818614164111546,0.000429008618218952
Open Loop First Order,7,0.5,1498,0.4815788269042969,1.0,0.10409312448845683,0.0026553635477710802
Open Loop First Order,7,0.5,1498,0.490706205368042,0.941413615969829,0.0820299442748919,0.003004606663616261
Open Loop First Order,7,0.5,1498,0.47361016273498535,1.0,0.0,0.0
Open Loop First Order,7,0.5,1498,0.46714353561401367,0.5700071073205402,0.3506184938022578,0.07552488573536537
Open Loop First Order,7,0.5,1498,0.46082139015197754,0.7732565661793246,0.23063562208843313,0.030157861111053633
Open Loop First Order,7,0.5,1498,0.47527432441711426,0.7679189639697397,0.22931735422667512,0.02876348851283597
Open Loop First Order,7,0.5,1498,0.4705026149749756,1.0,0.0,0.0
Open Loop First Order,7,0.5,1498,0.4548988342285156,0.7377517868745939,0.1538589700705452,0.03222614261924776
Open Loop First Order,7,0.5,1498,0.46271276473999023,0.9077644941509191,0.1449740043997204,0.013022464910149072
Open Loop First Order,7,0.5,1498,0.47573232650756836,0.9851568576613948,0.019818614164111546,0.000429008618218952
Open Loop First Order,10,0.5,1498,0.48415517807006836,0.7749152100182625,0.07381844409968168,0.012785925535716105
Open Loop First Order,10,0.5,1498,0.47091031074523926,0.7990303813833226,0.15025925670415402,0.012848743321497087
Open Loop First Order,10,0.5,1498,0.48023557662963867,0.7916179337231969,0.11769412501530656,0.013210248829926951
Open Loop First Order,10,0.5,1498,0.4708411693572998,0.9543081781272154,0.044451709096455086,0.0050550056018761474
Open Loop First Order,10,0.5,1498,0.47434186935424805,0.9830640958832726,0.10692771148881984,0.0029834040417859656
Open Loop First Order,10,0.5,1498,0.4752848148345947,0.7698152082930912,0.2920543735042934,0.033992227194371706
Open Loop First Order,10,0.5,1498,0.46758317947387695,1.0,0.01847258752722714,0.00033351382082460644
Open Loop First Order,10,0.5,1498,0.46813535690307617,0.9504371303677038,0.08056648525533702,0.01068012138660791
Open Loop First Order,10,0.5,1498,0.4621264934539795,0.8893644617380025,0.13558777538863537,0.01018892361587908
Open Loop First Order,10,0.5,1498,0.47521114349365234,0.9843399011616712,0.07423742800650403,0.002046595266991884
Open Loop First Order,15,0.5,1498,0.484774112701416,0.9370281953674431,0.13823761719365577,0.007960293256243993
Open Loop First Order,15,0.5,1498,0.4699709415435791,1.0,0.0649606219913466,0.0012035894104564706
Open Loop First Order,15,0.5,1498,0.6700632572174072,0.9215281362932369,0.11333290948219363,0.009264130185452626
Open Loop First Order,15,0.5,1498,0.4820699691772461,1.0,0.01967818778582986,0.0003369997221691557
Open Loop First Order,15,0.5,1498,0.5082356929779053,0.9220213319458896,0.270414182168797,0.012476697271199742
Open Loop First Order,15,0.5,1498,0.4861147403717041,0.9149653250372675,0.19947545541240966,0.009895351294844687
Open Loop First Order,15,0.5,1498,0.47902822494506836,0.7384766907419567,0.2299509138226649,0.030023687451279795
Open Loop First Order,15,0.5,1498,0.48854541778564453,0.9841868939936227,0.07423742800650403,0.002046595266991884
Open Loop First Order,15,0.5,1498,0.48220062255859375,0.9235474006116208,0.2100822717756767,0.011442905506434248
Open Loop First Order,15,0.5,1498,0.4770359992980957,0.9844288449266113,0.14570785989844082,0.007357813215246695
Open Loop First Order,20,0.5,1498,0.47978830337524414,0.9690647482014388,0.13210058606855754,0.004032815821011666
Open Loop First Order,20,0.5,1498,0.4911463260650635,0.9504797475690643,0.021953804567939356,0.0029856457560587116
Open Loop First Order,20,0.5,1498,0.48542237281799316,0.9088684227474721,0.18378662468863305,0.010547090282248631
Open Loop First Order,20,0.5,1498,0.4932417869567871,0.952830794936058,0.0174884778777754,0.002968977103824958
Open Loop First Order,20,0.5,1498,0.5025861263275146,0.9868998451213217,0.015266249010636654,0.0025323281544788654
Open Loop First Order,20,0.5,1498,0.49265289306640625,0.8634347071304571,0.1610548337576611,0.013012199907513042
Open Loop First Order,20,0.5,1498,0.491199254989624,0.9267162620725659,0.18591170333782361,0.010730355170326271
Open Loop First Order,20,0.5,1498,0.48541760444641113,0.8023368407462398,0.26931176898070314,0.01952011870653269
Open Loop First Order,20,0.5,1498,0.4913046360015869,0.8897662866968096,0.13225527589610944,0.01593637938608826
Open Loop First Order,20,0.5,1498,0.497744083404541,0.9373120962067422,0.056163005797665866,0.004678438165675285
Open Loop First Order,25,0.5,1498,0.5052151679992676,0.9843122001815118,0.14381502246928865,0.0027811401407708903
Open Loop First Order,25,0.5,1498,0.5055468082427979,0.91858949289532,0.12488508278496221,0.007591547460534392
Open Loop First Order,25,0.5,1498,0.5032708644866943,0.7571768030312761,0.3213454826012473,0.02855408574338406
Open Loop First Order,25,0.5,1498,0.5032448768615723,0.7639590620546703,0.28598443343647456,0.02650363361108199
Open Loop First Order,25,0.5,1498,0.5012621879577637,0.7856539536092522,0.23909454348518647,0.015629785281285467
Open Loop First Order,25,0.5,1498,0.5213801860809326,0.9558232931726908,0.06639400302359265,0.0016984572067109075
Open Loop First Order,25,0.5,1498,0.5095653533935547,0.9671215074723847,0.10511045957809048,0.0017333081824028713
Open Loop First Order,25,0.5,1498,0.6855103969573975,0.8433539161520962,0.0920111505025389,0.010704756057116058
Open Loop First Order,25,0.5,1498,0.503058671951294,0.745178974524347,0.24426328588909438,0.03426083895235907
Open Loop First Order,25,0.5,1498,0.49845051765441895,0.8163738173392547,0.39004505093322717,0.03143274712692027
Open Loop First Order,1,0.6,1738,0.500495195388794,1.0,0.0,0.0
Open Loop First Order,1,0.6,1738,0.4953339099884033,1.0,0.0,0.0
Open Loop First Order,1,0.6,1738,0.49512147903442383,1.0,0.0,0.0
Open Loop First Order,1,0.6,1738,0.5020992755889893,0.9851803704907377,0.04966414928112968,0.0005044053049447618
Open Loop First Order,1,0.6,1738,0.49625563621520996,1.0,0.0,0.0
Open Loop First Order,1,0.6,1738,0.5012776851654053,1.0,0.0,0.0
Open Loop First Order,1,0.6,1738,0.4970576763153076,1.0,0.0,0.0
Open Loop First Order,1,0.6,1738,0.49619030952453613,1.0,0.0,0.0
Open Loop First Order,1,0.6,1738,0.4930131435394287,1.0,0.0,0.0
Open Loop First Order,1,0.6,1738,0.49410104751586914,1.0,0.0,0.0
Open Loop First Order,3,0.6,1738,0.4940624237060547,1.0,0.03016153933227265,0.00017994028288643502
Open Loop First Order,3,0.6,1738,0.4901118278503418,1.0,0.0,0.0
Open Loop First Order,3,0.6,1738,0.5135998725891113,1.0,0.0,0.0
Open Loop First Order,3,0.6,1738,0.49744510650634766,1.0,0.044195738347069524,0.0003629669456684941
Open Loop First Order,3,0.6,1738,0.5000941753387451,1.0,0.0,0.0
Open Loop First Order,3,0.6,1738,0.5042314529418945,1.0,0.0,0.0
Open Loop First Order,3,0.6,1738,0.5010621547698975,0.9704928664072633,0.09695107127083485,0.001840844402722932
Open Loop First Order,3,0.6,1738,0.5070545673370361,1.0,0.0,0.0
Open Loop First Order,3,0.6,1738,0.5015501976013184,1.0,0.0,0.0
Open Loop First Order,3,0.6,1738,0.5008389949798584,1.0,0.0,0.0
Open Loop First Order,5,0.6,1738,0.49834108352661133,1.0,0.03016153933227265,0.00017994028288643502
Open Loop First Order,5,0.6,1738,0.5046653747558594,0.9854615632036025,0.04966414928112968,0.0005044053049447618
Open Loop First Order,5,0.6,1738,0.5095460414886475,1.0,0.0,0.0
Open Loop First Order,5,0.6,1738,0.5116322040557861,0.9687095940005171,0.07344564464399077,0.0019649533412147216
Open Loop First Order,5,0.6,1738,0.5080184936523438,1.0,0.03016153933227265,0.00017994028288643502
Open Loop First Order,5,0.6,1738,0.5091145038604736,0.9854023945194955,0.04966414928112968,0.0005044053049447618
Open Loop First Order,5,0.6,1738,0.5043013095855713,0.9857644305772231,0.04966414928112968,0.0005044053049447618
Open Loop First Order,5,0.6,1738,0.5100440979003906,0.9674201697001101,0.13872645219868202,0.006005859279973063
Open Loop First Order,5,0.6,1738,0.5060546398162842,1.0,0.0,0.0
Open Loop First Order,5,0.6,1738,0.4975607395172119,0.9701153896019707,0.033837538833092144,0.0036993346951734495
Open Loop First Order,7,0.6,1738,0.5079474449157715,0.8016395558998193,0.15766309633178607,0.01021267952043052
Open Loop First Order,7,0.6,1738,0.5051910877227783,1.0,0.0,0.0
Open Loop First Order,7,0.6,1738,0.50917649269104,0.9689065912887062,0.033293071891275415,0.0025526727006907344
Open Loop First Order,7,0.6,1738,0.5045738220214844,1.0,0.0,0.0
Open Loop First Order,7,0.6,1738,0.6711447238922119,0.9837319333722211,0.14570785989844082,0.007357813215246695
Open Loop First Order,7,0.6,1738,0.5060427188873291,0.7614086667518855,0.24534965922960192,0.02672813639024937
Open Loop First Order,7,0.6,1738,0.528214693069458,1.0,0.0,0.0
Open Loop First Order,7,0.6,1738,0.5180501937866211,0.9846795749396962,0.07423742800650403,0.002046595266991884
Open Loop First Order,7,0.6,1738,0.5144693851470947,0.9651590425188722,0.07344564464399077,0.0019649533412147216
Open Loop First Order,7,0.6,1738,0.5121104717254639,0.9844569652224597,0.07423742800650403,0.002046595266991884
Open Loop First Order,10,0.6,1738,0.5092072486877441,0.9712680785123967,0.10372793114645489,0.0026981241881093793
Open Loop First Order,10,0.6,1738,0.5218167304992676,0.9086661546338966,0.1457468236719397,0.00733530364515177
Open Loop First Order,10,0.6,1738,0.5247137546539307,0.9726133076181293,0.13872645219868202,0.006005859279973063
Open Loop First Order,10,0.6,1738,0.5245485305786133,0.9869234733316156,0.10692771148881984,0.0029834040417859656
Open Loop First Order,10,0.6,1738,0.523529052734375,0.9693957115009747,0.07344564464399077,0.0019649533412147216
Open Loop First Order,10,0.6,1738,0.5200691223144531,0.7433061699650757,0.19088535508203186,0.025883165589421595
Open Loop First Order,10,0.6,1738,0.5150389671325684,0.768462291870715,0.1522400182029702,0.007488793304178001
Open Loop First Order,10,0.6,1738,0.516533374786377,0.7250786314911098,0.28585409583474286,0.03249887579799869
Open Loop First Order,10,0.6,1738,0.5115494728088379,1.0,0.10409312448845683,0.0026553635477710802
Open Loop First Order,10,0.6,1738,0.5330533981323242,0.969977953572818,0.07344564464399077,0.0019649533412147216
Open Loop First Order,15,0.6,1738,0.5310549736022949,0.9703915330173365,0.04202319426924171,0.003260661082714918
Open Loop First Order,15,0.6,1738,0.5387816429138184,0.7824415042690478,0.08835797879403531,0.014256578406040072
Open Loop First Order,15,0.6,1738,0.5240437984466553,0.9854356473758501,0.08097488587565685,0.0034707270999127593
Open Loop First Order,15,0.6,1738,0.5218002796173096,0.9708712947517002,0.1135831108381126,0.0023069956751836838
Open Loop First Order,15,0.6,1738,0.5211279392242432,0.7348402382019594,0.23618399624378578,0.03215590175351974
Open Loop First Order,15,0.6,1738,0.5259246826171875,0.9107809124828173,0.332224370345612,0.02050050458321129
Open Loop First Order,15,0.6,1738,0.5342230796813965,0.9842550422901757,0.03052694949001877,0.0023477050658456617
Open Loop First Order,15,0.6,1738,0.5463509559631348,1.0,0.0,0.0
Open Loop First Order,15,0.6,1738,0.5328450202941895,0.8946622883265727,0.13558777538863537,0.01018892361587908
Open Loop First Order,15,0.6,1738,0.5362439155578613,1.0,0.03973185287824036,0.0016631618458669785
Open Loop First Order,20,0.6,1738,0.53753662109375,0.7606285863328117,0.1582817611276481,0.01582001188575776
Open Loop First Order,20,0.6,1738,0.5378694534301758,0.9695795388490602,0.058609913222353635,0.0008572524825129846
Open Loop First Order,20,0.6,1738,0.5390427112579346,0.9849100406268136,0.13223870923539777,0.0026627982945648496
Open Loop First Order,20,0.6,1738,0.53407883644104,0.9246687120569228,0.090914696473345,0.006261510775920004
Open Loop First Order,20,0.6,1738,0.5357122421264648,0.7857973636598604,0.2336493351868694,0.021899978853506488
Open Loop First Order,20,0.6,1738,0.7111079692840576,0.8906848425835767,0.16108178659169378,0.004822714078280857
Open Loop First Order,20,0.6,1738,0.542064905166626,0.7516348332793784,0.11958880340572514,0.006144364849602876
Open Loop First Order,20,0.6,1738,0.5457773208618164,0.9538169686661869,0.09002285294386939,0.0014954086302211757
Open Loop First Order,20,0.6,1738,0.5360503196716309,0.9681450307542894,0.08718883880212014,0.002069888224186128
Open Loop First Order,20,0.6,1738,0.5450363159179688,0.9545218968644726,0.14363791226556213,0.0045799948832709585
Open Loop First Order,25,0.6,1738,0.5570399761199951,0.9715185804294715,0.11777262357589616,0.002752718155047305
Open Loop First Order,25,0.6,1738,0.5505309104919434,0.9052563270603504,0.17199180266266742,0.006965525939489334
Open Loop First Order,25,0.6,1738,0.5623633861541748,1.0,0.01967818778582986,0.0003369997221691557
Open Loop First Order,25,0.6,1738,0.5632641315460205,0.9544465770953295,0.16024963528875194,0.00390547399436511
Open Loop First Order,25,0.6,1738,0.5508866310119629,1.0,0.043007644613199406,0.0003385347426548307
Open Loop First Order,25,0.6,1738,0.5553727149963379,0.910070795331335,0.17774231303174293,0.008692049204568689
Open Loop First Order,25,0.6,1738,0.5532763004302979,0.983671098489738,0.03720612294789371,0.0007896539057070343
Open Loop First Order,25,0.6,1738,0.5688114166259766,1.0,0.1364478670591709,0.0024632704668485373
Open Loop First Order,25,0.6,1738,0.5643949508666992,0.9855025979857592,0.08735677250469519,0.002563774943115052
Open Loop First Order,25,0.6,1738,0.5585553646087646,0.7540973070248731,0.19748872619692645,0.019977233425920907
Open Loop First Order,1,0.7,1978,0.5532379150390625,1.0,0.0,0.0
Open Loop First Order,1,0.7,1978,0.554349422454834,1.0,0.0,0.0
Open Loop First Order,1,0.7,1978,0.5524642467498779,1.0,0.0,0.0
Open Loop First Order,1,0.7,1978,0.5546646118164062,1.0,0.0,0.0
Open Loop First Order,1,0.7,1978,0.5587928295135498,1.0,0.0,0.0
Open Loop First Order,1,0.7,1978,0.5511512756347656,1.0,0.0,0.0
Open Loop First Order,1,0.7,1978,0.5572504997253418,1.0,0.0,0.0
Open Loop First Order,1,0.7,1978,0.5473299026489258,1.0,0.0,0.0
Open Loop First Order,1,0.7,1978,0.5490579605102539,1.0,0.0,0.0
Open Loop First Order,1,0.7,1978,0.5478689670562744,1.0,0.0,0.0
Open Loop First Order,3,0.7,1978,0.5657699108123779,1.0,0.0,0.0
Open Loop First Order,3,0.7,1978,0.5556252002716064,1.0,0.03016153933227265,0.00017994028288643502
Open Loop First Order,3,0.7,1978,0.5629656314849854,0.9849897802759325,0.04966414928112968,0.0005044053049447618
Open Loop First Order,3,0.7,1978,0.5582497119903564,0.7715483870967742,0.2920543735042934,0.033992227194371706
Open Loop First Order,3,0.7,1978,0.5641384124755859,1.0,0.0,0.0
Open Loop First Order,3,0.7,1978,0.5587148666381836,1.0,0.0,0.0
Open Loop First Order,3,0.7,1978,0.548506498336792,0.9849536286399896,0.019818614164111546,0.000429008618218952
Open Loop First Order,3,0.7,1978,0.5540134906768799,0.9845765018469315,0.04966414928112968,0.0005044053049447618
Open Loop First Order,3,0.7,1978,0.7310793399810791,0.9517039922103213,0.09026523560284849,0.00652339157461077
Open Loop First Order,3,0.7,1978,0.5776875019073486,0.7495494335736355,0.23903852057781516,0.02365662027389404
Open Loop First Order,5,0.7,1978,0.5559179782867432,1.0,0.0,0.0
Open Loop First Order,5,0.7,1978,0.5652804374694824,0.9841951219512195,0.07423742800650403,0.002046595266991884
Open Loop First Order,5,0.7,1978,0.561546802520752,1.0,0.0,0.0
Open Loop First Order,5,0.7,1978,0.5607595443725586,1.0,0.0,0.0
Open Loop First Order,5,0.7,1978,0.5634057521820068,1.0,0.0,0.0
Open Loop First Order,5,0.7,1978,0.5604925155639648,0.984996780424984,0.04966414928112968,0.0005044053049447618
Open Loop First Order,5,0.7,1978,0.5668020248413086,1.0,0.0,0.0
Open Loop First Order,5,0.7,1978,0.5725531578063965,0.9848692362877454,0.019818614164111546,0.000429008618218952
Open Loop First Order,5,0.7,1978,0.571030855178833,1.0,0.0,0.0
Open Loop First Order,5,0.7,1978,0.5795719623565674,1.0,0.0,0.0
Open Loop First Order,7,0.7,1978,0.5825903415679932,1.0,0.0,0.0
Open Loop First Order,7,0.7,1978,0.5715968608856201,1.0,0.06510636941831263,0.0008668075752054028
Open Loop First Order,7,0.7,1978,0.5786285400390625,0.9844458846403111,0.04966414928112968,0.0005044053049447618
Open Loop First Order,7,0.7,1978,0.5704050064086914,0.9549370017999486,0.04142394229370076,0.0022295781558403947
Open Loop First Order,7,0.7,1978,0.5722129344940186,1.0,0.0,0.0
Open Loop First Order,7,0.7,1978,0.5806858539581299,0.9853245409878458,0.14570785989844082,0.007357813215246695
Open Loop First Order,7,0.7,1978,0.5738010406494141,1.0,0.0,0.0
Open Loop First Order,7,0.7,1978,0.5722498893737793,0.9699441269025753,0.033293071891275415,0.0025526727006907344
Open Loop First Order,7,0.7,1978,0.5709264278411865,1.0,0.03016153933227265,0.00017994028288643502
Open Loop First Order,7,0.7,1978,0.5711066722869873,1.0,0.0,0.0
Open Loop First Order,10,0.7,1978,0.5862400531768799,1.0,0.0,0.0
Open Loop First Order,10,0.7,1978,0.5890536308288574,0.9860729697920754,0.10386439132501461,0.002836947982676431
Open Loop First Order,10,0.7,1978,0.5780887603759766,1.0,0.07020795905724239,0.0016580672598336607
Open Loop First Order,10,0.7,1978,0.5837857723236084,0.9846619836308564,0.09445937013377453,0.0019763337459902854
Open Loop First Order,10,0.7,1978,0.5845799446105957,0.9848757883897542,0.10692771148881984,0.0029834040417859656
Open Loop First Order,10,0.7,1978,0.579625129699707,0.9548582084753392,0.04142394229370076,0.0022295781558403947
Open Loop First Order,10,0.7,1978,0.574699878692627,0.9851121423047177,0.07423742800650403,0.002046595266991884
Open Loop First Order,10,0.7,1978,0.5776069164276123,0.7959997385450029,0.15766309633178607,0.01021267952043052
Open Loop First Order,10,0.7,1978,0.5728278160095215,0.7703909891248057,0.07381844409968168,0.012785925535716105
Open Loop First Order,10,0.7,1978,0.5755658149719238,1.0,0.025575497659000107,0.00015642787208885144
Open Loop First Order,15,0.7,1978,0.5943331718444824,1.0,0.044195738347069524,0.0003629669456684941
Open Loop First Order,15,0.7,1978,0.5847156047821045,0.9385187116964402,0.11581808875656868,0.004132965002401476
Open Loop First Order,15,0.7,1978,0.5835685729980469,1.0,0.0,0.0
Open Loop First Order,15,0.7,1978,0.5863044261932373,1.0,0.07020795905724239,0.0016580672598336607
Open Loop First Order,15,0.7,1978,0.5854697227478027,1.0,0.055324737524197275,0.0023467098018065116
Open Loop First Order,15,0.7,1978,0.5869207382202148,1.0,0.07020795905724239,0.0016580672598336607
Open Loop First Order,15,0.7,1978,0.7486531734466553,0.9713570098259585,0.07344564464399077,0.0019649533412147216
Open Loop First Order,15,0.7,1978,0.5834650993347168,0.9852611342518424,0.0290803104384981,0.00040975575784847824
Open Loop First Order,15,0.7,1978,0.5819785594940186,0.5642958381651849,0.3728930267478201,0.07398825855940817
Open Loop First Order,15,0.7,1978,0.5830743312835693,0.9251160990712074,0.03398880048816425,0.004128748363132127
Open Loop First Order,20,0.7,1978,0.5890755653381348,0.9401969677335752,0.27672021998970864,0.014424967803702615
Open Loop First Order,20,0.7,1978,0.5993876457214355,1.0,0.025575497659000107,0.00015642787208885144
Open Loop First Order,20,0.7,1978,0.5973820686340332,0.8146997929606625,0.2029715803270875,0.015117303655456318
Open Loop First Order,20,0.7,1978,0.5945687294006348,0.9688001540733132,0.1352260193778605,0.010152961771361945
Open Loop First Order,20,0.7,1978,0.5905427932739258,0.9530525502318392,0.04083207427193175,0.00399008873088726
Open Loop First Order,20,0.7,1978,0.5961735248565674,1.0,0.039969973149205244,0.00028486332171450275
Open Loop First Order,20,0.7,1978,0.5975544452667236,0.8929473479696911,0.14739801274501116,0.008086985031213096
Open Loop First Order,20,0.7,1978,0.5846714973449707,0.9043158030753328,0.10484798278135699,0.010384858825878524
Open Loop First Order,20,0.7,1978,0.5936195850372314,1.0,0.055830687124986816,0.0006585971248586112
Open Loop First Order,20,0.7,1978,0.5940701961517334,1.0,0.05002200931987526,0.0005495991320339778
Open Loop First Order,25,0.7,1978,0.5980663299560547,0.7484575835475579,0.2778161796403561,0.02802435416851657
Open Loop First Order,25,0.7,1978,0.5970392227172852,0.9838407342770344,0.09476590774306065,0.002670139909122838
Open Loop First Order,25,0.7,1978,0.6085450649261475,1.0,0.09288412668105607,0.0016503544232605318
Open Loop First Order,25,0.7,1978,0.6166713237762451,0.9690466900767329,0.10769523278779462,0.0023281588283001085
Open Loop First Order,25,0.7,1978,0.6223850250244141,0.9718465539661899,0.07541231881539942,0.002738030204291802
Open Loop First Order,25,0.7,1978,0.613553524017334,0.8925554900805343,0.05713471949007107,0.0089189249895775
Open Loop First Order,25,0.7,1978,0.5998198986053467,0.9839727085478888,0.09445937013377453,0.0019763337459902854
Open Loop First Order,25,0.7,1978,0.6121032238006592,0.9857780076281596,0.07423742800650403,0.002046595266991884
Open Loop First Order,25,0.7,1978,0.597254753112793,0.9842077786478726,0.12837403267750347,0.0032933804323446126
Open Loop First Order,25,0.7,1978,0.6096878051757812,0.9536300667008722,0.06324003727100959,0.002282984172909004
