Model Name,Number of Vectors,Number of Calls,Time Elapsed,IoU
Open Loop First Order,10,53,0.015999794006347656,0.36405951850727686
Open Loop First Order,10,38,0.010999917984008789,0.35385536521216937
Open Loop First Order,10,39,0.01100301742553711,0.36389956444775523
Open Loop First Order,10,38,0.011001348495483398,0.3510606744997429
Open Loop First Order,10,39,0.012999534606933594,0.3632201475252844
Open Loop First Order,10,41,0.01300191879272461,0.35450149460744823
Open Loop First Order,10,36,0.010998249053955078,0.3598298130454944
Open Loop First Order,10,41,0.013000965118408203,0.3537626209019332
Open Loop First Order,10,37,0.012000322341918945,0.36115136865891323
Open Loop First Order,10,42,0.011999130249023438,0.3549018495620061
Open Loop First Order,10,37,0.014002561569213867,0.36049662334730825
Open Loop First Order,10,41,0.013000011444091797,0.3541423684701843
Open Loop First Order,10,39,0.011999845504760742,0.36184258257118823
Open Loop First Order,10,40,0.01199793815612793,0.35290141076338816
Open Loop First Order,10,39,0.011998176574707031,0.3610874967183046
Open Loop First Order,10,39,0.012998580932617188,0.35221243394222035
Open Loop First Order,10,40,0.012002229690551758,0.3608613887748549
Open Loop First Order,10,40,0.01399850845336914,0.3644068612013897
Open Loop First Order,10,39,0.013000249862670898,0.35928198235672354
Open Loop First Order,10,40,0.010998964309692383,0.36576080661143606
Open Loop First Order,10,39,0.012999773025512695,0.3582017466194771
Open Loop First Order,10,40,0.013000965118408203,0.36493243349728743
Open Loop First Order,10,38,0.013001680374145508,0.357473445931697
Open Loop First Order,10,40,0.012999534606933594,0.3641676342344732
Open Loop First Order,10,39,0.013000011444091797,0.35676226611381845
Open Loop First Order,10,40,0.012998342514038086,0.3634223777887349
Open Loop First Order,10,40,0.012001514434814453,0.35606736990984583
Open Loop First Order,10,38,0.011998414993286133,0.36269521779123287
Open Loop First Order,10,41,0.013000011444091797,0.35737426241328873
Open Loop First Order,10,38,0.012999296188354492,0.361490973501233
Open Loop First Order,10,42,0.013001680374145508,0.3565854780124688
Open Loop First Order,10,37,0.01000070571899414,0.3613432872921689
Open Loop First Order,10,41,0.011003732681274414,0.35581824971557463
Open Loop First Order,10,38,0.00999903678894043,0.36062391292803553
Open Loop First Order,10,40,0.010999917984008789,0.355071495615453
Open Loop First Order,10,40,0.010999202728271484,0.3619520974813145
Open Loop First Order,10,39,0.01199793815612793,0.3538315280521045
Open Loop First Order,10,42,0.011999130249023438,0.36688794747880155
Open Loop First Order,10,36,0.011004447937011719,0.3529063306422438
Open Loop First Order,10,43,0.012508630752563477,0.36607680928230407
Open Loop First Order,10,36,0.011000394821166992,0.352255486921367
Open Loop First Order,10,42,0.011997699737548828,0.36528715153286395
Open Loop First Order,10,37,0.011002063751220703,0.3516189852795326
Open Loop First Order,10,41,0.011998176574707031,0.36451789256342715
Open Loop First Order,10,39,0.012000560760498047,0.35297935580123757
Open Loop First Order,10,40,0.011000633239746094,0.3632765761882732
Open Loop First Order,10,38,0.011002540588378906,0.35224558807951883
Open Loop First Order,10,40,0.011508703231811523,0.3625759232614606
Open Loop First Order,10,39,0.011998653411865234,0.35229079043553135
Open Loop First Order,10,40,0.011997461318969727,0.3618908095126395
Open Loop First Order,25,127,0.03600025177001953,0.36730256870947986
Open Loop First Order,25,101,0.028121232986450195,0.3682027323577536
Open Loop First Order,25,97,0.0279996395111084,0.36610416770881216
Open Loop First Order,25,101,0.032004594802856445,0.36786893897557366
Open Loop First Order,25,97,0.03150749206542969,0.36485599973130667
Open Loop First Order,25,102,0.029510498046875,0.3673772033213751
Open Loop First Order,25,96,0.025997400283813477,0.37503335970797025
Open Loop First Order,25,103,0.029007911682128906,0.36599059534670564
Open Loop First Order,25,93,0.02950596809387207,0.37401753711928293
Open Loop First Order,25,103,0.03100132942199707,0.36524819389479957
Open Loop First Order,25,95,0.028002023696899414,0.37348303519352216
Open Loop First Order,25,103,0.031510114669799805,0.3657750152402133
Open Loop First Order,25,95,0.02700042724609375,0.3737501981428786
Open Loop First Order,25,103,0.029999732971191406,0.36497400188285234
Open Loop First Order,25,102,0.029506206512451172,0.37666930871105747
Open Loop First Order,25,95,0.028999805450439453,0.36375761972762016
Open Loop First Order,25,104,0.03099822998046875,0.3758298680699709
Open Loop First Order,25,94,0.028508663177490234,0.36338577809132155
Open Loop First Order,25,105,0.03300142288208008,0.375560115299939
Open Loop First Order,25,94,0.0279996395111084,0.36194838886642405
Open Loop First Order,25,103,0.027004241943359375,0.37468915142731063
Open Loop First Order,25,98,0.0279996395111084,0.37063970192959483
Open Loop First Order,25,102,0.04000139236450195,0.3748085115832873
Open Loop First Order,25,98,0.02700352668762207,0.3693546531820034
Open Loop First Order,25,100,0.027001142501831055,0.37431135963218976
Open Loop First Order,25,97,0.029998064041137695,0.36928771186033366
Open Loop First Order,25,101,0.030004024505615234,0.3732432785614257
Open Loop First Order,25,96,0.02950572967529297,0.3688160782207336
Open Loop First Order,25,102,0.02899932861328125,0.37297068629262586
Open Loop First Order,25,97,0.02800154685974121,0.3676077172044134
Open Loop First Order,25,105,0.03124856948852539,0.3724909616443822
Open Loop First Order,25,96,0.0279998779296875,0.36766299497559085
Open Loop First Order,25,100,0.0279996395111084,0.37127290358907683
Open Loop First Order,25,97,0.028046369552612305,0.3670103157296549
Open Loop First Order,25,100,0.02900099754333496,0.37073824183639614
Open Loop First Order,25,97,0.030997037887573242,0.36623534550959885
Open Loop First Order,25,102,0.030515193939208984,0.37121347463022625
Open Loop First Order,25,100,0.02951359748840332,0.366342127594092
Open Loop First Order,25,98,0.027998924255371094,0.3703565107181217
Open Loop First Order,25,101,0.029001235961914062,0.36574016771512186
Open Loop First Order,25,96,0.028175830841064453,0.3699557877942085
Open Loop First Order,25,101,0.029998779296875,0.3645058508370044
Open Loop First Order,25,98,0.027999162673950195,0.36955509727975805
Open Loop First Order,25,99,0.030512332916259766,0.36443665297841393
Open Loop First Order,25,98,0.031000852584838867,0.36822523311656563
Open Loop First Order,25,99,0.028998851776123047,0.3634471955296458
Open Loop First Order,25,104,0.028506040573120117,0.3685333957938197
Open Loop First Order,25,94,0.02700018882751465,0.3668782144221022
Open Loop First Order,25,105,0.030001401901245117,0.36765885550105554
Open Loop First Order,25,93,0.028054237365722656,0.36649109358597465
Open Loop First Order,50,255,0.07300019264221191,0.434496016156139
Open Loop First Order,50,201,0.05506181716918945,0.43173916990027095
Open Loop First Order,50,203,0.05700254440307617,0.43325340211767316
Open Loop First Order,50,203,0.06021904945373535,0.4314237078990908
Open Loop First Order,50,204,0.05760955810546875,0.4329799299027115
Open Loop First Order,50,207,0.05900216102600098,0.4311654340876969
Open Loop First Order,50,198,0.05650591850280762,0.43260062062548704
Open Loop First Order,50,210,0.06200242042541504,0.43078375903536575
Open Loop First Order,50,194,0.05350613594055176,0.4322497923287293
Open Loop First Order,50,207,0.06151127815246582,0.4304690359060713
Open Loop First Order,50,196,0.05550384521484375,0.4319155060309469
Open Loop First Order,50,207,0.06105208396911621,0.4301379062916903
Open Loop First Order,50,199,0.058004140853881836,0.4319488665420851
Open Loop First Order,50,204,0.059505462646484375,0.4301122072790718
Open Loop First Order,50,200,0.05351591110229492,0.4316267605229264
Open Loop First Order,50,201,0.06199812889099121,0.42976265413321907
Open Loop First Order,50,203,0.05809330940246582,0.4313793908181761
Open Loop First Order,50,201,0.05800223350524902,0.429426655657426
Open Loop First Order,50,202,0.05750775337219238,0.4310311093991642
Open Loop First Order,50,201,0.05450606346130371,0.4291125744133742
Open Loop First Order,50,206,0.0579991340637207,0.430724381723859
Open Loop First Order,50,201,0.05550742149353027,0.4287829245979156
Open Loop First Order,50,205,0.057001352310180664,0.4303790633885995
Open Loop First Order,50,206,0.056505441665649414,0.42844932829875965
Open Loop First Order,50,200,0.05605602264404297,0.4300398806858871
Open Loop First Order,50,203,0.05699944496154785,0.4280591391283487
Open Loop First Order,50,203,0.05534815788269043,0.4296887888369968
Open Loop First Order,50,201,0.05550408363342285,0.4277236236135629
Open Loop First Order,50,206,0.060639381408691406,0.4293567627172437
Open Loop First Order,50,202,0.058002471923828125,0.4275160313240026
Open Loop First Order,50,206,0.058002471923828125,0.4290386823131906
Open Loop First Order,50,198,0.05634427070617676,0.42719867469275047
Open Loop First Order,50,201,0.05712532997131348,0.4285516748097305
Open Loop First Order,50,201,0.05750751495361328,0.4268113934813356
Open Loop First Order,50,202,0.05404996871948242,0.4283183316969055
Open Loop First Order,50,203,0.05550575256347656,0.4280956775479917
Open Loop First Order,50,196,0.05650520324707031,0.42790512077808995
Open Loop First Order,50,209,0.05899977684020996,0.42773154016842607
Open Loop First Order,50,196,0.05550861358642578,0.42780092602022296
Open Loop First Order,50,210,0.06000065803527832,0.42737029133810256
Open Loop First Order,50,192,0.05350494384765625,0.4274353301219604
Open Loop First Order,50,212,0.06051063537597656,0.42707253742865364
Open Loop First Order,50,193,0.053999900817871094,0.4270874245374324
Open Loop First Order,50,211,0.0595090389251709,0.42671712356196195
Open Loop First Order,50,197,0.05550503730773926,0.42697362825467466
Open Loop First Order,50,209,0.05950593948364258,0.4349204088751066
Open Loop First Order,50,203,0.058003902435302734,0.4264053540960056
Open Loop First Order,50,204,0.05750465393066406,0.43467733985818524
Open Loop First Order,50,202,0.05750703811645508,0.4260719540651203
Open Loop First Order,50,204,0.057000160217285156,0.4343753189567698
Open Loop First Order,100,512,0.1435377597808838,0.4370357835954128
Open Loop First Order,100,379,0.10650873184204102,0.4433372022449758
Open Loop First Order,100,375,0.10350561141967773,0.43574502177608315
Open Loop First Order,100,386,0.10650753974914551,0.44402929667641494
Open Loop First Order,100,377,0.10801172256469727,0.4352040297856005
Open Loop First Order,100,399,0.11401534080505371,0.44366889393180087
Open Loop First Order,100,362,0.09950613975524902,0.43477210309701386
Open Loop First Order,100,399,0.1135103702545166,0.44326779519171444
Open Loop First Order,100,363,0.09868788719177246,0.4344809801535772
Open Loop First Order,100,398,0.11101126670837402,0.4430679945695321
Open Loop First Order,100,359,0.10250687599182129,0.43422420004796325
Open Loop First Order,100,395,0.11351251602172852,0.4426619030440503
Open Loop First Order,100,370,0.1025080680847168,0.43405765165389965
Open Loop First Order,100,397,0.1091766357421875,0.44246153015377804
Open Loop First Order,100,373,0.10601425170898438,0.4339365258514634
Open Loop First Order,100,383,0.11150693893432617,0.4420555902745257
Open Loop First Order,100,378,0.10951447486877441,0.43368054929309513
Open Loop First Order,100,385,0.1135561466217041,0.4416603572593663
Open Loop First Order,100,373,0.1115102767944336,0.4333012823519583
Open Loop First Order,100,388,0.11301708221435547,0.4413443564328029
Open Loop First Order,100,375,0.10551095008850098,0.43298948262720854
Open Loop First Order,100,391,0.11150693893432617,0.4411260814342847
Open Loop First Order,100,370,0.10803103446960449,0.43260670583247657
Open Loop First Order,100,394,0.11601448059082031,0.44068979180767287
Open Loop First Order,100,363,0.10550832748413086,0.43222016969838595
Open Loop First Order,100,395,0.11051392555236816,0.4403396887433239
Open Loop First Order,100,374,0.10651087760925293,0.43198577053037973
Open Loop First Order,100,387,0.11050724983215332,0.44000130679112004
Open Loop First Order,100,377,0.10551118850708008,0.43170631169144763
Open Loop First Order,100,383,0.10851311683654785,0.4398305464695906
Open Loop First Order,100,388,0.10950446128845215,0.43148012037418687
Open Loop First Order,100,372,0.1045076847076416,0.43949412456684955
Open Loop First Order,100,385,0.10801100730895996,0.4378565501709169
Open Loop First Order,100,372,0.1045081615447998,0.4390731809335913
Open Loop First Order,100,382,0.10551214218139648,0.4378612752501493
Open Loop First Order,100,375,0.10550737380981445,0.4387279564025653
Open Loop First Order,100,377,0.10555863380432129,0.4452989981132289
Open Loop First Order,100,396,0.11150884628295898,0.438160207400318
Open Loop First Order,100,367,0.10251116752624512,0.4452713785034797
Open Loop First Order,100,398,0.11300945281982422,0.43801279301275076
Open Loop First Order,100,366,0.10304641723632812,0.4447670983835646
Open Loop First Order,100,400,0.11259603500366211,0.437676400026072
Open Loop First Order,100,368,0.1035146713256836,0.4444505415797613
Open Loop First Order,100,389,0.10950636863708496,0.43730679891540797
Open Loop First Order,100,378,0.10350537300109863,0.4441541890985852
Open Loop First Order,100,385,0.1135094165802002,0.4372209637773085
Open Loop First Order,100,385,0.10750722885131836,0.4454167099173133
Open Loop First Order,100,376,0.1055290699005127,0.43689487203413246
Open Loop First Order,100,385,0.10650777816772461,0.4450472650512762
Open Loop First Order,100,373,0.10950517654418945,0.4364571412008915
Open Loop First Order,250,1272,0.3563671112060547,0.44373397857404134
Open Loop First Order,250,971,0.27323317527770996,0.44527216274366804
Open Loop First Order,250,948,0.27133631706237793,0.4408361386460632
Open Loop First Order,250,987,0.27373552322387695,0.44487591937507237
Open Loop First Order,250,942,0.26352715492248535,0.4405325674082001
Open Loop First Order,250,1019,0.28753113746643066,0.44446968733135095
Open Loop First Order,250,912,0.259021520614624,0.44021642843269104
Open Loop First Order,250,1026,0.2915990352630615,0.44441023649439554
Open Loop First Order,250,911,0.25952911376953125,0.4414881054969783
Open Loop First Order,250,1008,0.28553247451782227,0.4438995817060295
Open Loop First Order,250,906,0.2590196132659912,0.4410521473416172
Open Loop First Order,250,1008,0.2936277389526367,0.4435692163710762
Open Loop First Order,250,934,0.27253293991088867,0.44065438695241216
Open Loop First Order,250,988,0.28552842140197754,0.4431679873655532
Open Loop First Order,250,943,0.2685694694519043,0.4401902360256073
Open Loop First Order,250,974,0.27777576446533203,0.44278135783209965
Open Loop First Order,250,954,0.2685718536376953,0.4399109054713514
Open Loop First Order,250,980,0.2758629322052002,0.44885663552809385
Open Loop First Order,250,950,0.2666332721710205,0.43956446980469827
Open Loop First Order,250,982,0.26761794090270996,0.4484341176714902
Open Loop First Order,250,955,0.2725234031677246,0.43917625146937617
Open Loop First Order,250,985,0.2843661308288574,0.4480713536598083
Open Loop First Order,250,945,0.27075719833374023,0.4387600321005609
Open Loop First Order,250,990,0.2895331382751465,0.4477988081590716
Open Loop First Order,250,939,0.272707462310791,0.4382561421710109
Open Loop First Order,250,992,0.28467845916748047,0.4474338979548553
Open Loop First Order,250,956,0.28608179092407227,0.4378599941296045
Open Loop First Order,250,973,0.27953171730041504,0.44707085111415445
Open Loop First Order,250,971,0.2729606628417969,0.43748769581698177
Open Loop First Order,250,954,0.2740199565887451,0.44669080121618654
Open Loop First Order,250,995,0.2804219722747803,0.43722263305625375
Open Loop First Order,250,939,0.26552844047546387,0.44623635054922295
Open Loop First Order,250,976,0.28155040740966797,0.4367889650644087
Open Loop First Order,250,945,0.2735259532928467,0.4458870935724137
Open Loop First Order,250,973,0.2715282440185547,0.4364574556782372
Open Loop First Order,250,961,0.27053284645080566,0.445392816466011
Open Loop First Order,250,947,0.2681097984313965,0.436012167501881
Open Loop First Order,250,1003,0.27567386627197266,0.4451412398573743
Open Loop First Order,250,925,0.26909708976745605,0.4356527890878624
Open Loop First Order,250,998,0.2860403060913086,0.4447171130134118
Open Loop First Order,250,919,0.2685260772705078,0.43532852777092346
Open Loop First Order,250,1009,0.2835354804992676,0.4444758925035934
Open Loop First Order,250,931,0.27290797233581543,0.4350115388131499
Open Loop First Order,250,1000,0.2856111526489258,0.4448270754610502
Open Loop First Order,250,950,0.2715303897857666,0.4345526751443856
Open Loop First Order,250,975,0.28552865982055664,0.44440799286804833
Open Loop First Order,250,968,0.26926136016845703,0.4341631737374002
Open Loop First Order,250,958,0.2795431613922119,0.4440621778052965
Open Loop First Order,250,976,0.28752899169921875,0.43517906787865757
Open Loop First Order,250,955,0.2805309295654297,0.44366563913971524
Open Loop First Order,500,2542,0.7290825843811035,0.45416657979250197
Open Loop First Order,500,1930,0.5661981105804443,0.45185924796618987
Open Loop First Order,500,1920,0.5371208190917969,0.4522363650554422
Open Loop First Order,500,1961,0.5485267639160156,0.4514539073037884
Open Loop First Order,500,1917,0.5487663745880127,0.45192154075195884
Open Loop First Order,500,2013,0.5750558376312256,0.4516282635019621
Open Loop First Order,500,1875,0.539747953414917,0.4505511379016765
Open Loop First Order,500,2020,0.5894544124603271,0.45478947477822257
Open Loop First Order,500,1865,0.5354175567626953,0.4533412873985128
Open Loop First Order,500,2006,0.5840034484863281,0.45305856088261215
Open Loop First Order,500,1847,0.5262570381164551,0.45306636703934394
Open Loop First Order,500,2012,0.5850546360015869,0.4540458943655837
Open Loop First Order,500,1873,0.5393238067626953,0.45107028775085445
Open Loop First Order,500,1989,0.5800001621246338,0.45375191621405664
Open Loop First Order,500,1915,0.5536713600158691,0.45234530861013167
Open Loop First Order,500,1946,0.5545451641082764,0.4529703507441963
Open Loop First Order,500,1950,0.5609474182128906,0.4520750222641712
Open Loop First Order,500,1936,0.5542826652526855,0.452939150828803
Open Loop First Order,500,1946,0.5653717517852783,0.45009125061356847
Open Loop First Order,500,1922,0.564659833908081,0.4527207916836264
Open Loop First Order,500,1956,0.5582706928253174,0.4522630190603212
Open Loop First Order,500,1949,0.5566868782043457,0.4519936231329042
Open Loop First Order,500,1928,0.5592007637023926,0.4520413959459963
Open Loop First Order,500,1974,0.5739617347717285,0.45197649569056014
Open Loop First Order,500,1894,0.5435030460357666,0.45001269733454374
Open Loop First Order,500,1972,0.572826623916626,0.45163325557818734
Open Loop First Order,500,1930,0.5592308044433594,0.45122118146389395
Open Loop First Order,500,1953,0.5584635734558105,0.4508801564781682
Open Loop First Order,500,1932,0.570338249206543,0.45098046756014804
Open Loop First Order,500,1937,0.559389591217041,0.45096204004815915
Open Loop First Order,500,1986,0.5801517963409424,0.45433691514811686
Open Loop First Order,500,1908,0.5503280162811279,0.452182321510843
Open Loop First Order,500,1949,0.5691392421722412,0.4545213441602319
Open Loop First Order,500,1923,0.5548098087310791,0.4516279183709574
Open Loop First Order,500,1934,0.5563218593597412,0.4543331310423133
Open Loop First Order,500,1942,0.5651025772094727,0.45135805096650466
Open Loop First Order,500,1910,0.5667495727539062,0.4535777766104045
Open Loop First Order,500,2015,0.5912909507751465,0.4510562263762886
Open Loop First Order,500,1851,0.5405559539794922,0.4540474261804396
Open Loop First Order,500,2026,0.5881190299987793,0.45074360197901525
Open Loop First Order,500,1860,0.5360195636749268,0.4536936940511367
Open Loop First Order,500,2040,0.5948569774627686,0.4505482808156403
Open Loop First Order,500,1850,0.5267345905303955,0.4547023714965751
Open Loop First Order,500,2015,0.5910522937774658,0.45023881657560766
Open Loop First Order,500,1882,0.5392587184906006,0.45495701843266706
Open Loop First Order,500,1978,0.5686113834381104,0.449750581008057
Open Loop First Order,500,1924,0.55379319190979,0.4540815118434225
Open Loop First Order,500,1945,0.5625784397125244,0.44948739511452196
Open Loop First Order,500,1936,0.5542283058166504,0.45371893759696386
Open Loop First Order,500,1929,0.5482113361358643,0.4491536748234655
Open Loop Second Order,10,53,0.020505428314208984,0.0
Open Loop Second Order,10,43,0.01900005340576172,0.0
Open Loop Second Order,10,43,0.017999649047851562,0.0
Open Loop Second Order,10,43,0.01800084114074707,0.0
Open Loop Second Order,10,43,0.017999887466430664,0.0
Open Loop Second Order,10,45,0.02005791664123535,0.0
Open Loop Second Order,10,41,0.016999244689941406,0.0
Open Loop Second Order,10,45,0.018999814987182617,0.0
Open Loop Second Order,10,41,0.01799941062927246,0.0
Open Loop Second Order,10,45,0.020023107528686523,0.0
Open Loop Second Order,10,42,0.01900005340576172,0.0
Open Loop Second Order,10,44,0.019998788833618164,0.0
Open Loop Second Order,10,45,0.018999338150024414,0.0
Open Loop Second Order,10,43,0.018189430236816406,0.0
Open Loop Second Order,10,43,0.01900005340576172,0.0
Open Loop Second Order,10,43,0.018999814987182617,0.0
Open Loop Second Order,10,43,0.018999814987182617,0.0
Open Loop Second Order,10,43,0.019002437591552734,0.0
Open Loop Second Order,10,43,0.019002437591552734,0.0
Open Loop Second Order,10,44,0.020000457763671875,0.0
Open Loop Second Order,10,42,0.017998695373535156,0.0
Open Loop Second Order,10,45,0.019003868103027344,0.0
Open Loop Second Order,10,42,0.018506765365600586,0.0
Open Loop Second Order,10,44,0.01799917221069336,0.0
Open Loop Second Order,10,42,0.018999576568603516,0.0
Open Loop Second Order,10,44,0.019000530242919922,0.0
Open Loop Second Order,10,42,0.0182192325592041,0.0
Open Loop Second Order,10,45,0.020000696182250977,0.0
Open Loop Second Order,10,43,0.01899886131286621,0.0
Open Loop Second Order,10,43,0.01800060272216797,0.0
Open Loop Second Order,10,44,0.018002033233642578,0.0
Open Loop Second Order,10,42,0.016999006271362305,0.0
Open Loop Second Order,10,44,0.018999099731445312,0.0
Open Loop Second Order,10,43,0.01900029182434082,0.0
Open Loop Second Order,10,43,0.018002033233642578,0.0
Open Loop Second Order,10,44,0.017027854919433594,0.0
Open Loop Second Order,10,42,0.017998933792114258,0.0
Open Loop Second Order,10,45,0.019000530242919922,0.0
Open Loop Second Order,10,41,0.016999483108520508,0.0
Open Loop Second Order,10,45,0.019505739212036133,0.0
Open Loop Second Order,10,41,0.017998933792114258,0.0
Open Loop Second Order,10,45,0.017999887466430664,0.0
Open Loop Second Order,10,42,0.018001556396484375,0.0
Open Loop Second Order,10,45,0.0200040340423584,0.0
Open Loop Second Order,10,43,0.01900029182434082,0.0
Open Loop Second Order,10,44,0.018999814987182617,0.0
Open Loop Second Order,10,43,0.01900029182434082,0.0
Open Loop Second Order,10,43,0.018001317977905273,0.0
Open Loop Second Order,10,43,0.018127918243408203,0.0
Open Loop Second Order,10,43,0.016999483108520508,0.0
Open Loop Second Order,25,128,0.055208444595336914,0.0
Open Loop Second Order,25,92,0.039507389068603516,0.0
Open Loop Second Order,25,94,0.040001869201660156,0.0
Open Loop Second Order,25,94,0.03750896453857422,0.0
Open Loop Second Order,25,94,0.039998769760131836,0.0
Open Loop Second Order,25,97,0.04050898551940918,0.0
Open Loop Second Order,25,91,0.03800010681152344,0.0
Open Loop Second Order,25,100,0.04050874710083008,0.0
Open Loop Second Order,25,89,0.03600049018859863,0.0
Open Loop Second Order,25,99,0.04100322723388672,0.0
Open Loop Second Order,25,90,0.03650331497192383,0.0
Open Loop Second Order,25,99,0.04400157928466797,0.0
Open Loop Second Order,25,91,0.038512229919433594,0.0
Open Loop Second Order,25,97,0.04000067710876465,0.0
Open Loop Second Order,25,95,0.03851151466369629,0.0
Open Loop Second Order,25,94,0.0390019416809082,0.0
Open Loop Second Order,25,94,0.0390017032623291,0.0
Open Loop Second Order,25,94,0.03950929641723633,0.0
Open Loop Second Order,25,95,0.03950905799865723,0.0
Open Loop Second Order,25,93,0.03993797302246094,0.0
Open Loop Second Order,25,95,0.0429990291595459,0.0
Open Loop Second Order,25,95,0.04151034355163574,0.0
Open Loop Second Order,25,94,0.0410001277923584,0.0
Open Loop Second Order,25,96,0.043508291244506836,0.0
Open Loop Second Order,25,92,0.03999829292297363,0.0
Open Loop Second Order,25,96,0.041617393493652344,0.0
Open Loop Second Order,25,93,0.037999868392944336,0.0
Open Loop Second Order,25,94,0.04951119422912598,0.0
Open Loop Second Order,25,96,0.03999900817871094,0.0
Open Loop Second Order,25,92,0.03800225257873535,0.0
Open Loop Second Order,25,99,0.04318094253540039,0.0
Open Loop Second Order,25,89,0.03800058364868164,0.0
Open Loop Second Order,25,100,0.04435849189758301,0.0
Open Loop Second Order,25,88,0.03899812698364258,0.0
Open Loop Second Order,25,100,0.04150652885437012,0.0
Open Loop Second Order,25,91,0.03800010681152344,0.0
Open Loop Second Order,25,98,0.04140782356262207,0.0
Open Loop Second Order,25,92,0.037999629974365234,0.0
Open Loop Second Order,25,96,0.039380550384521484,0.0
Open Loop Second Order,25,94,0.0375056266784668,0.0
Open Loop Second Order,25,94,0.0370030403137207,0.0
Open Loop Second Order,25,94,0.03711581230163574,0.0
Open Loop Second Order,25,92,0.03699803352355957,0.0
Open Loop Second Order,25,97,0.03908729553222656,0.0
Open Loop Second Order,25,93,0.03699994087219238,0.0
Open Loop Second Order,25,95,0.03800249099731445,0.0
Open Loop Second Order,25,98,0.038897037506103516,0.0
Open Loop Second Order,25,92,0.03600025177001953,0.0
Open Loop Second Order,25,96,0.037247657775878906,0.0
Open Loop Second Order,25,92,0.03899955749511719,0.0
Open Loop Second Order,50,262,0.10515141487121582,0.0
Open Loop Second Order,50,193,0.07650566101074219,0.0
Open Loop Second Order,50,187,0.08228659629821777,0.0
Open Loop Second Order,50,198,0.08509278297424316,0.0
Open Loop Second Order,50,186,0.07639050483703613,0.0
Open Loop Second Order,50,198,0.08300209045410156,0.0
Open Loop Second Order,50,182,0.07600522041320801,0.0
Open Loop Second Order,50,206,0.08502697944641113,0.0
Open Loop Second Order,50,181,0.07710003852844238,0.0
Open Loop Second Order,50,203,0.08304595947265625,0.0
Open Loop Second Order,50,182,0.07010221481323242,0.0
Open Loop Second Order,50,196,0.0800015926361084,0.0
Open Loop Second Order,50,188,0.07699966430664062,0.0
Open Loop Second Order,50,194,0.07450723648071289,0.0
Open Loop Second Order,50,196,0.08167314529418945,0.0
Open Loop Second Order,50,188,0.08451294898986816,0.0
Open Loop Second Order,50,197,0.07551336288452148,0.0
Open Loop Second Order,50,184,0.07700085639953613,0.0
Open Loop Second Order,50,197,0.08212995529174805,0.0
Open Loop Second Order,50,189,0.0785055160522461,0.0
Open Loop Second Order,50,194,0.07907891273498535,0.0
Open Loop Second Order,50,194,0.08119392395019531,0.0
Open Loop Second Order,50,191,0.07802176475524902,0.0
Open Loop Second Order,50,191,0.0758819580078125,0.0
Open Loop Second Order,50,190,0.07199621200561523,0.0
Open Loop Second Order,50,194,0.07724428176879883,0.0
Open Loop Second Order,50,195,0.07805490493774414,0.0
Open Loop Second Order,50,192,0.07715773582458496,0.0
Open Loop Second Order,50,199,0.08203911781311035,0.0
Open Loop Second Order,50,182,0.07500267028808594,0.0
Open Loop Second Order,50,199,0.08010387420654297,0.0
Open Loop Second Order,50,186,0.0743112564086914,0.0
Open Loop Second Order,50,196,0.08050775527954102,0.0
Open Loop Second Order,50,186,0.07750701904296875,0.0
Open Loop Second Order,50,192,0.07900261878967285,0.0
Open Loop Second Order,50,194,0.07900047302246094,0.0
Open Loop Second Order,50,188,0.07850933074951172,0.0
Open Loop Second Order,50,198,0.08350610733032227,0.0
Open Loop Second Order,50,185,0.07928085327148438,0.0
Open Loop Second Order,50,195,0.08350706100463867,0.0
Open Loop Second Order,50,184,0.07750868797302246,0.0
Open Loop Second Order,50,201,0.08600425720214844,0.0
Open Loop Second Order,50,184,0.07404685020446777,0.0
Open Loop Second Order,50,201,0.08250761032104492,0.0
Open Loop Second Order,50,190,0.07750821113586426,0.0
Open Loop Second Order,50,191,0.07650542259216309,0.0
Open Loop Second Order,50,194,0.07863306999206543,0.0
Open Loop Second Order,50,192,0.0780038833618164,0.0
Open Loop Second Order,50,192,0.07700276374816895,0.0
Open Loop Second Order,50,192,0.07903480529785156,0.0
Open Loop Second Order,100,530,0.22402286529541016,0.0
Open Loop Second Order,100,408,0.16759562492370605,0.0
Open Loop Second Order,100,394,0.16676902770996094,0.0
Open Loop Second Order,100,416,0.17439603805541992,0.0
Open Loop Second Order,100,396,0.1681504249572754,0.0
Open Loop Second Order,100,416,0.17514657974243164,0.0
Open Loop Second Order,100,394,0.16260409355163574,0.0
Open Loop Second Order,100,422,0.16757416725158691,0.0
Open Loop Second Order,100,392,0.15851235389709473,0.0
Open Loop Second Order,100,419,0.17012548446655273,0.0
Open Loop Second Order,100,397,0.16071152687072754,0.0
Open Loop Second Order,100,411,0.16850948333740234,0.0
Open Loop Second Order,100,400,0.1630113124847412,0.0
Open Loop Second Order,100,405,0.16576886177062988,0.0
Open Loop Second Order,100,405,0.16651296615600586,0.0
Open Loop Second Order,100,407,0.1686537265777588,0.0
Open Loop Second Order,100,403,0.17202234268188477,0.0
Open Loop Second Order,100,404,0.17601847648620605,0.0
Open Loop Second Order,100,403,0.17001962661743164,0.0
Open Loop Second Order,100,409,0.1610240936279297,0.0
Open Loop Second Order,100,405,0.16329598426818848,0.0
Open Loop Second Order,100,414,0.17054963111877441,0.0
Open Loop Second Order,100,399,0.1655106544494629,0.0
Open Loop Second Order,100,409,0.17414522171020508,0.0
Open Loop Second Order,100,400,0.17001986503601074,0.0
Open Loop Second Order,100,416,0.1645362377166748,0.0
Open Loop Second Order,100,401,0.1605052947998047,0.0
Open Loop Second Order,100,409,0.16201257705688477,0.0
Open Loop Second Order,100,407,0.16490650177001953,0.0
Open Loop Second Order,100,399,0.17522978782653809,0.0
Open Loop Second Order,100,411,0.16900229454040527,0.0
Open Loop Second Order,100,402,0.16952276229858398,0.0
Open Loop Second Order,100,407,0.16412687301635742,0.0
Open Loop Second Order,100,402,0.16422557830810547,0.0
Open Loop Second Order,100,404,0.16542315483093262,0.0
Open Loop Second Order,100,411,0.17354536056518555,0.0
Open Loop Second Order,100,398,0.17002487182617188,0.0
Open Loop Second Order,100,419,0.17250752449035645,0.0
Open Loop Second Order,100,395,0.1580219268798828,0.0
Open Loop Second Order,100,414,0.1680142879486084,0.0
Open Loop Second Order,100,394,0.16350746154785156,0.0
Open Loop Second Order,100,416,0.17155838012695312,0.0
Open Loop Second Order,100,398,0.1665210723876953,0.0
Open Loop Second Order,100,413,0.16631054878234863,0.0
Open Loop Second Order,100,405,0.16850662231445312,0.0
Open Loop Second Order,100,408,0.1635596752166748,0.0
Open Loop Second Order,100,402,0.16401386260986328,0.0
Open Loop Second Order,100,409,0.16550683975219727,0.0
Open Loop Second Order,100,409,0.16652274131774902,0.0
Open Loop Second Order,100,406,0.16501522064208984,0.0
Open Loop Second Order,250,1301,0.5362932682037354,0.0
Open Loop Second Order,250,964,0.3935873508453369,0.0
Open Loop Second Order,250,947,0.39133119583129883,0.0
Open Loop Second Order,250,984,0.3967020511627197,0.0
Open Loop Second Order,250,953,0.38578319549560547,0.0
Open Loop Second Order,250,986,0.39635372161865234,0.0
Open Loop Second Order,250,952,0.3872342109680176,0.0
Open Loop Second Order,250,998,0.40019774436950684,0.0
Open Loop Second Order,250,940,0.3827347755432129,0.0
Open Loop Second Order,250,991,0.3975331783294678,0.0
Open Loop Second Order,250,945,0.37574100494384766,0.0
Open Loop Second Order,250,980,0.39861631393432617,0.0
Open Loop Second Order,250,958,0.3877716064453125,0.0
Open Loop Second Order,250,973,0.4127657413482666,0.0
Open Loop Second Order,250,963,0.3952960968017578,0.0
Open Loop Second Order,250,970,0.38474583625793457,0.0
Open Loop Second Order,250,970,0.3982369899749756,0.0
Open Loop Second Order,250,968,0.39054203033447266,0.0
Open Loop Second Order,250,958,0.38364672660827637,0.0
Open Loop Second Order,250,977,0.3944673538208008,0.0
Open Loop Second Order,250,960,0.3921661376953125,0.0
Open Loop Second Order,250,991,0.39854907989501953,0.0
Open Loop Second Order,250,949,0.3844888210296631,0.0
Open Loop Second Order,250,971,0.3917117118835449,0.0
Open Loop Second Order,250,955,0.38698530197143555,0.0
Open Loop Second Order,250,982,0.39897608757019043,0.0
Open Loop Second Order,250,962,0.3957228660583496,0.0
Open Loop Second Order,250,975,0.4019198417663574,0.0
Open Loop Second Order,250,965,0.39603304862976074,0.0
Open Loop Second Order,250,960,0.3907332420349121,0.0
Open Loop Second Order,250,982,0.4019794464111328,0.0
Open Loop Second Order,250,960,0.38953232765197754,0.0
Open Loop Second Order,250,972,0.3966677188873291,0.0
Open Loop Second Order,250,949,0.39302730560302734,0.0
Open Loop Second Order,250,978,0.4056737422943115,0.0
Open Loop Second Order,250,967,0.3887166976928711,0.0
Open Loop Second Order,250,958,0.38809800148010254,0.0
Open Loop Second Order,250,982,0.4010298252105713,0.0
Open Loop Second Order,250,949,0.3758704662322998,0.0
Open Loop Second Order,250,981,0.39161205291748047,0.0
Open Loop Second Order,250,946,0.3881058692932129,0.0
Open Loop Second Order,250,993,0.4035024642944336,0.0
Open Loop Second Order,250,944,0.3845226764678955,0.0
Open Loop Second Order,250,982,0.4164011478424072,0.0
Open Loop Second Order,250,975,0.4030487537384033,0.0
Open Loop Second Order,250,966,0.39327406883239746,0.0
Open Loop Second Order,250,962,0.39275455474853516,0.0
Open Loop Second Order,250,967,0.3956155776977539,0.0
Open Loop Second Order,250,977,0.3880317211151123,0.0
Open Loop Second Order,250,968,0.39153623580932617,0.0
Open Loop Second Order,500,2647,1.081174612045288,0.0
Open Loop Second Order,500,1962,0.8014876842498779,0.0
Open Loop Second Order,500,1954,0.8130311965942383,0.0
Open Loop Second Order,500,2009,0.8468060493469238,0.0
Open Loop Second Order,500,1969,0.828233003616333,0.0
Open Loop Second Order,500,2001,0.8758735656738281,0.0
Open Loop Second Order,500,1964,0.8260679244995117,0.0
Open Loop Second Order,500,2034,0.8595643043518066,0.0
Open Loop Second Order,500,1958,0.8363442420959473,0.0
Open Loop Second Order,500,2006,0.8610899448394775,0.0
Open Loop Second Order,500,1951,0.8286740779876709,0.0
Open Loop Second Order,500,2002,0.8465480804443359,0.0
Open Loop Second Order,500,1980,0.8405642509460449,0.0
Open Loop Second Order,500,1971,0.8292374610900879,0.0
Open Loop Second Order,500,1973,0.8455452919006348,0.0
Open Loop Second Order,500,1996,0.8559892177581787,0.0
Open Loop Second Order,500,1979,0.8525059223175049,0.0
Open Loop Second Order,500,1988,0.8495151996612549,0.0
Open Loop Second Order,500,1971,0.8414499759674072,0.0
Open Loop Second Order,500,2004,0.8492205142974854,0.0
Open Loop Second Order,500,1967,0.8328711986541748,0.0
Open Loop Second Order,500,2017,0.8592147827148438,0.0
Open Loop Second Order,500,1960,0.8215222358703613,0.0
Open Loop Second Order,500,1999,0.8618896007537842,0.0
Open Loop Second Order,500,1939,0.8185038566589355,0.0
Open Loop Second Order,500,2022,0.8547172546386719,0.0
Open Loop Second Order,500,1993,0.8677496910095215,0.0
Open Loop Second Order,500,1986,0.8457653522491455,0.0
Open Loop Second Order,500,1980,0.8351452350616455,0.0
Open Loop Second Order,500,1969,0.8397181034088135,0.0
Open Loop Second Order,500,2023,0.8652031421661377,0.0
Open Loop Second Order,500,1962,0.8267984390258789,0.0
Open Loop Second Order,500,1984,0.8427073955535889,0.0
Open Loop Second Order,500,1958,0.8422443866729736,0.0
Open Loop Second Order,500,1982,0.8295724391937256,0.0
Open Loop Second Order,500,1992,0.8442752361297607,0.0
Open Loop Second Order,500,1964,0.8306839466094971,0.0
Open Loop Second Order,500,2023,0.8650314807891846,0.0
Open Loop Second Order,500,1950,0.8297824859619141,0.0
Open Loop Second Order,500,2011,0.8436539173126221,0.0
Open Loop Second Order,500,1962,0.8075952529907227,0.0
Open Loop Second Order,500,2013,0.846238374710083,0.0
Open Loop Second Order,500,1960,0.8162317276000977,0.0
Open Loop Second Order,500,2000,0.845599889755249,0.0
Open Loop Second Order,500,1985,0.8353102207183838,0.0
Open Loop Second Order,500,1981,0.8411099910736084,0.0
Open Loop Second Order,500,1966,0.8237612247467041,0.0
Open Loop Second Order,500,1987,0.8418929576873779,0.0
Open Loop Second Order,500,1993,0.8299129009246826,0.0
Open Loop Second Order,500,1992,0.820453405380249,0.0
Closed Loop First Order,10,53,0.025013446807861328,0.0
Closed Loop First Order,10,39,0.019513607025146484,0.0
Closed Loop First Order,10,39,0.012949705123901367,0.0
Closed Loop First Order,10,40,0.01299905776977539,0.0
Closed Loop First Order,10,38,0.01299905776977539,0.0
Closed Loop First Order,10,40,0.012999773025512695,0.0
Closed Loop First Order,10,38,0.012998104095458984,0.0
Closed Loop First Order,10,43,0.016001224517822266,0.0
Closed Loop First Order,10,36,0.012509822845458984,0.0
Closed Loop First Order,10,42,0.014998197555541992,0.0
Closed Loop First Order,10,38,0.014000892639160156,0.0
Closed Loop First Order,10,41,0.013999223709106445,0.0
Closed Loop First Order,10,37,0.012999773025512695,0.0
Closed Loop First Order,10,41,0.015002250671386719,0.0
Closed Loop First Order,10,38,0.01550602912902832,0.0
Closed Loop First Order,10,41,0.014998197555541992,0.0
Closed Loop First Order,10,37,0.014000177383422852,0.0
Closed Loop First Order,10,42,0.014921903610229492,0.0
Closed Loop First Order,10,37,0.013996124267578125,0.0
Closed Loop First Order,10,42,0.014999628067016602,0.0
Closed Loop First Order,10,36,0.014003753662109375,0.0
Closed Loop First Order,10,42,0.01450490951538086,0.0
Closed Loop First Order,10,37,0.012998580932617188,0.0
Closed Loop First Order,10,42,0.0149993896484375,0.0
Closed Loop First Order,10,36,0.01300048828125,0.0
Closed Loop First Order,10,42,0.013999700546264648,0.0
Closed Loop First Order,10,38,0.013004779815673828,0.0
Closed Loop First Order,10,41,0.014309406280517578,0.0
Closed Loop First Order,10,37,0.012999296188354492,0.0
Closed Loop First Order,10,41,0.01500082015991211,0.0
Closed Loop First Order,10,39,0.014003753662109375,0.0
Closed Loop First Order,10,39,0.013505220413208008,0.0
Closed Loop First Order,10,39,0.01500082015991211,0.0
Closed Loop First Order,10,40,0.014003515243530273,0.0
Closed Loop First Order,10,38,0.013510704040527344,0.0
Closed Loop First Order,10,40,0.01399993896484375,0.0
Closed Loop First Order,10,39,0.0149993896484375,0.0
Closed Loop First Order,10,40,0.015000104904174805,0.0
Closed Loop First Order,10,38,0.015001058578491211,0.0
Closed Loop First Order,10,42,0.015003204345703125,0.0
Closed Loop First Order,10,36,0.013502120971679688,0.0
Closed Loop First Order,10,42,0.015001773834228516,0.0
Closed Loop First Order,10,38,0.015000104904174805,0.0
Closed Loop First Order,10,40,0.0149993896484375,0.0
Closed Loop First Order,10,39,0.013000011444091797,0.0
Closed Loop First Order,10,40,0.014112234115600586,0.0
Closed Loop First Order,10,41,0.014501333236694336,0.0
Closed Loop First Order,10,38,0.014002084732055664,0.0
Closed Loop First Order,10,40,0.014997482299804688,0.0
Closed Loop First Order,10,39,0.015000104904174805,0.0
Closed Loop First Order,25,130,0.0460050106048584,0.0
Closed Loop First Order,25,95,0.03150439262390137,0.0
Closed Loop First Order,25,91,0.032000064849853516,0.0
Closed Loop First Order,25,96,0.03300285339355469,0.0
Closed Loop First Order,25,92,0.033504486083984375,0.0
Closed Loop First Order,25,97,0.03399991989135742,0.0
Closed Loop First Order,25,93,0.03550839424133301,0.0
Closed Loop First Order,25,102,0.03600001335144043,0.0
Closed Loop First Order,25,87,0.03000187873840332,0.0
Closed Loop First Order,25,100,0.03350424766540527,0.0
Closed Loop First Order,25,88,0.03000044822692871,0.0
Closed Loop First Order,25,99,0.03299999237060547,0.0
Closed Loop First Order,25,92,0.0315098762512207,0.0
Closed Loop First Order,25,96,0.03199887275695801,0.0
Closed Loop First Order,25,90,0.031286001205444336,0.0
Closed Loop First Order,25,94,0.03351187705993652,0.0
Closed Loop First Order,25,93,0.032001495361328125,0.0
Closed Loop First Order,25,98,0.03299999237060547,0.0
Closed Loop First Order,25,91,0.03206443786621094,0.0
Closed Loop First Order,25,99,0.034003257751464844,0.0
Closed Loop First Order,25,92,0.0335080623626709,0.0
Closed Loop First Order,25,95,0.032510995864868164,0.0
Closed Loop First Order,25,93,0.03400087356567383,0.0
Closed Loop First Order,25,95,0.0319974422454834,0.0
Closed Loop First Order,25,91,0.03461718559265137,0.0
Closed Loop First Order,25,95,0.032997846603393555,0.0
Closed Loop First Order,25,97,0.035003662109375,0.0
Closed Loop First Order,25,92,0.03250694274902344,0.0
Closed Loop First Order,25,96,0.03600001335144043,0.0
Closed Loop First Order,25,96,0.03200197219848633,0.0
Closed Loop First Order,25,95,0.03351283073425293,0.0
Closed Loop First Order,25,95,0.03300118446350098,0.0
Closed Loop First Order,25,93,0.032001495361328125,0.0
Closed Loop First Order,25,94,0.03100299835205078,0.0
Closed Loop First Order,25,94,0.03300070762634277,0.0
Closed Loop First Order,25,96,0.03607821464538574,0.0
Closed Loop First Order,25,92,0.03299856185913086,0.0
Closed Loop First Order,25,98,0.04600167274475098,0.0
Closed Loop First Order,25,89,0.03050827980041504,0.0
Closed Loop First Order,25,100,0.030999422073364258,0.0
Closed Loop First Order,25,88,0.030001163482666016,0.0
Closed Loop First Order,25,100,0.034514665603637695,0.0
Closed Loop First Order,25,89,0.03200054168701172,0.0
Closed Loop First Order,25,98,0.032998085021972656,0.0
Closed Loop First Order,25,94,0.034638404846191406,0.0
Closed Loop First Order,25,96,0.03200054168701172,0.0
Closed Loop First Order,25,93,0.03400373458862305,0.0
Closed Loop First Order,25,95,0.03350472450256348,0.0
Closed Loop First Order,25,93,0.03563284873962402,0.0
Closed Loop First Order,25,96,0.03300166130065918,0.0
Closed Loop First Order,50,261,0.09250831604003906,0.0
Closed Loop First Order,50,180,0.062371253967285156,0.0
Closed Loop First Order,50,185,0.06550741195678711,0.0
Closed Loop First Order,50,182,0.0670015811920166,0.0
Closed Loop First Order,50,187,0.06966185569763184,0.0
Closed Loop First Order,50,185,0.0626528263092041,0.0
Closed Loop First Order,50,185,0.06199932098388672,0.0
Closed Loop First Order,50,189,0.0642251968383789,0.0
Closed Loop First Order,50,181,0.06421613693237305,0.0
Closed Loop First Order,50,188,0.06400012969970703,0.0
Closed Loop First Order,50,174,0.05851125717163086,0.0
Closed Loop First Order,50,191,0.06750607490539551,0.0
Closed Loop First Order,50,180,0.06200051307678223,0.0
Closed Loop First Order,50,185,0.06550908088684082,0.0
Closed Loop First Order,50,182,0.06207609176635742,0.0
Closed Loop First Order,50,180,0.06299924850463867,0.0
Closed Loop First Order,50,185,0.0635061264038086,0.0
Closed Loop First Order,50,183,0.06700325012207031,0.0
Closed Loop First Order,50,186,0.06800079345703125,0.0
Closed Loop First Order,50,184,0.06346988677978516,0.0
Closed Loop First Order,50,182,0.0630042552947998,0.0
Closed Loop First Order,50,185,0.07700490951538086,0.0
Closed Loop First Order,50,177,0.06051373481750488,0.0
Closed Loop First Order,50,193,0.06962704658508301,0.0
Closed Loop First Order,50,173,0.06100130081176758,0.0
Closed Loop First Order,50,193,0.07414603233337402,0.0
Closed Loop First Order,50,179,0.06050729751586914,0.0
Closed Loop First Order,50,187,0.06399965286254883,0.0
Closed Loop First Order,50,179,0.06351208686828613,0.0
Closed Loop First Order,50,188,0.06800961494445801,0.0
Closed Loop First Order,50,184,0.06299901008605957,0.0
Closed Loop First Order,50,184,0.06326889991760254,0.0
Closed Loop First Order,50,184,0.06417131423950195,0.0
Closed Loop First Order,50,181,0.06199908256530762,0.0
Closed Loop First Order,50,184,0.06715989112854004,0.0
Closed Loop First Order,50,187,0.06516671180725098,0.0
Closed Loop First Order,50,179,0.06100034713745117,0.0
Closed Loop First Order,50,191,0.06805539131164551,0.0
Closed Loop First Order,50,177,0.061003923416137695,0.0
Closed Loop First Order,50,192,0.06644773483276367,0.0
Closed Loop First Order,50,176,0.060506582260131836,0.0
Closed Loop First Order,50,190,0.06800222396850586,0.0
Closed Loop First Order,50,179,0.06206202507019043,0.0
Closed Loop First Order,50,187,0.06602144241333008,0.0
Closed Loop First Order,50,187,0.06450772285461426,0.0
Closed Loop First Order,50,180,0.06150507926940918,0.0
Closed Loop First Order,50,185,0.06708407402038574,0.0
Closed Loop First Order,50,176,0.06300187110900879,0.0
Closed Loop First Order,50,192,0.06816744804382324,0.0
Closed Loop First Order,50,176,0.06317305564880371,0.0
Closed Loop First Order,100,520,0.18901824951171875,0.0
Closed Loop First Order,100,362,0.13651251792907715,0.0
Closed Loop First Order,100,370,0.12950825691223145,0.0
Closed Loop First Order,100,368,0.1342148780822754,0.0
Closed Loop First Order,100,370,0.13473176956176758,0.0
Closed Loop First Order,100,378,0.1341085433959961,0.0
Closed Loop First Order,100,364,0.13301515579223633,0.0
Closed Loop First Order,100,391,0.14250826835632324,0.0
Closed Loop First Order,100,350,0.12251043319702148,0.0
Closed Loop First Order,100,387,0.14301419258117676,0.0
Closed Loop First Order,100,349,0.12305808067321777,0.0
Closed Loop First Order,100,387,0.13852667808532715,0.0
Closed Loop First Order,100,354,0.12651300430297852,0.0
Closed Loop First Order,100,381,0.1320662498474121,0.0
Closed Loop First Order,100,360,0.12803435325622559,0.0
Closed Loop First Order,100,371,0.1330122947692871,0.0
Closed Loop First Order,100,362,0.1325089931488037,0.0
Closed Loop First Order,100,379,0.13451004028320312,0.0
Closed Loop First Order,100,363,0.13015007972717285,0.0
Closed Loop First Order,100,377,0.13101577758789062,0.0
Closed Loop First Order,100,362,0.12751555442810059,0.0
Closed Loop First Order,100,372,0.13352155685424805,0.0
Closed Loop First Order,100,359,0.12846684455871582,0.0
Closed Loop First Order,100,383,0.13451457023620605,0.0
Closed Loop First Order,100,355,0.12601065635681152,0.0
Closed Loop First Order,100,385,0.13621282577514648,0.0
Closed Loop First Order,100,363,0.13191890716552734,0.0
Closed Loop First Order,100,371,0.13059306144714355,0.0
Closed Loop First Order,100,365,0.12750673294067383,0.0
Closed Loop First Order,100,373,0.1313767433166504,0.0
Closed Loop First Order,100,375,0.13616108894348145,0.0
Closed Loop First Order,100,364,0.12951231002807617,0.0
Closed Loop First Order,100,371,0.13451194763183594,0.0
Closed Loop First Order,100,365,0.12861299514770508,0.0
Closed Loop First Order,100,370,0.13394618034362793,0.0
Closed Loop First Order,100,375,0.13349509239196777,0.0
Closed Loop First Order,100,360,0.12575554847717285,0.0
Closed Loop First Order,100,387,0.1345059871673584,0.0
Closed Loop First Order,100,355,0.12850403785705566,0.0
Closed Loop First Order,100,388,0.1380152702331543,0.0
Closed Loop First Order,100,348,0.12604022026062012,0.0
Closed Loop First Order,100,383,0.13601398468017578,0.0
Closed Loop First Order,100,358,0.12665557861328125,0.0
Closed Loop First Order,100,377,0.1325070858001709,0.0
Closed Loop First Order,100,367,0.12950539588928223,0.0
Closed Loop First Order,100,372,0.13154053688049316,0.0
Closed Loop First Order,100,365,0.12851262092590332,0.0
Closed Loop First Order,100,368,0.12850332260131836,0.0
Closed Loop First Order,100,370,0.13245224952697754,0.0
Closed Loop First Order,100,368,0.13454890251159668,0.0
Closed Loop First Order,250,1278,0.4632132053375244,0.0
Closed Loop First Order,250,886,0.37809014320373535,0.0
Closed Loop First Order,250,898,0.3670940399169922,0.0
Closed Loop First Order,250,891,0.33654356002807617,0.0
Closed Loop First Order,250,906,0.3435840606689453,0.0
Closed Loop First Order,250,910,0.3232274055480957,0.0
Closed Loop First Order,250,888,0.31803226470947266,0.0
Closed Loop First Order,250,948,0.35404491424560547,0.0
Closed Loop First Order,250,869,0.3331563472747803,0.0
Closed Loop First Order,250,924,0.3339078426361084,0.0
Closed Loop First Order,250,860,0.3055226802825928,0.0
Closed Loop First Order,250,925,0.33303284645080566,0.0
Closed Loop First Order,250,878,0.31020569801330566,0.0
Closed Loop First Order,250,899,0.3267552852630615,0.0
Closed Loop First Order,250,893,0.3119516372680664,0.0
Closed Loop First Order,250,885,0.314685583114624,0.0
Closed Loop First Order,250,897,0.3223271369934082,0.0
Closed Loop First Order,250,910,0.3205528259277344,0.0
Closed Loop First Order,250,897,0.31815266609191895,0.0
Closed Loop First Order,250,903,0.32671332359313965,0.0
Closed Loop First Order,250,905,0.3200411796569824,0.0
Closed Loop First Order,250,885,0.3175828456878662,0.0
Closed Loop First Order,250,886,0.31607699394226074,0.0
Closed Loop First Order,250,909,0.32600879669189453,0.0
Closed Loop First Order,250,876,0.3062906265258789,0.0
Closed Loop First Order,250,924,0.33215785026550293,0.0
Closed Loop First Order,250,893,0.31232738494873047,0.0
Closed Loop First Order,250,898,0.3196392059326172,0.0
Closed Loop First Order,250,900,0.32053303718566895,0.0
Closed Loop First Order,250,909,0.3222322463989258,0.0
Closed Loop First Order,250,903,0.3240966796875,0.0
Closed Loop First Order,250,898,0.32332372665405273,0.0
Closed Loop First Order,250,887,0.3255727291107178,0.0
Closed Loop First Order,250,896,0.32816267013549805,0.0
Closed Loop First Order,250,885,0.3217637538909912,0.0
Closed Loop First Order,250,915,0.3425867557525635,0.0
Closed Loop First Order,250,871,0.3250298500061035,0.0
Closed Loop First Order,250,944,0.3505103588104248,0.0
Closed Loop First Order,250,859,0.31444263458251953,0.0
Closed Loop First Order,250,937,0.3430356979370117,0.0
Closed Loop First Order,250,852,0.31653928756713867,0.0
Closed Loop First Order,250,929,0.32482218742370605,0.0
Closed Loop First Order,250,869,0.30452418327331543,0.0
Closed Loop First Order,250,914,0.32152771949768066,0.0
Closed Loop First Order,250,897,0.31754279136657715,0.0
Closed Loop First Order,250,899,0.3130340576171875,0.0
Closed Loop First Order,250,895,0.30906033515930176,0.0
Closed Loop First Order,250,885,0.30440187454223633,0.0
Closed Loop First Order,250,915,0.3236372470855713,0.0
Closed Loop First Order,250,882,0.31552839279174805,0.0
Closed Loop First Order,500,2572,0.9152331352233887,0.0
Closed Loop First Order,500,1786,0.6293530464172363,0.0
Closed Loop First Order,500,1787,0.6307868957519531,0.0
Closed Loop First Order,500,1805,0.6306560039520264,0.0
Closed Loop First Order,500,1798,0.6309270858764648,0.0
Closed Loop First Order,500,1831,0.6324100494384766,0.0
Closed Loop First Order,500,1779,0.6271867752075195,0.0
Closed Loop First Order,500,1894,0.6585352420806885,0.0
Closed Loop First Order,500,1732,0.6074566841125488,0.0
Closed Loop First Order,500,1856,0.6566815376281738,0.0
Closed Loop First Order,500,1734,0.6127989292144775,0.0
Closed Loop First Order,500,1853,0.6545021533966064,0.0
Closed Loop First Order,500,1764,0.6351683139801025,0.0
Closed Loop First Order,500,1810,0.6263461112976074,0.0
Closed Loop First Order,500,1799,0.6381444931030273,0.0
Closed Loop First Order,500,1769,0.6245541572570801,0.0
Closed Loop First Order,500,1819,0.6524872779846191,0.0
Closed Loop First Order,500,1798,0.6301746368408203,0.0
Closed Loop First Order,500,1808,0.6419706344604492,0.0
Closed Loop First Order,500,1812,0.6367747783660889,0.0
Closed Loop First Order,500,1796,0.6376781463623047,0.0
Closed Loop First Order,500,1806,0.6374001502990723,0.0
Closed Loop First Order,500,1759,0.6162071228027344,0.0
Closed Loop First Order,500,1846,0.6420090198516846,0.0
Closed Loop First Order,500,1742,0.6155257225036621,0.0
Closed Loop First Order,500,1860,0.6557319164276123,0.0
Closed Loop First Order,500,1786,0.6331944465637207,0.0
Closed Loop First Order,500,1811,0.6380677223205566,0.0
Closed Loop First Order,500,1808,0.6395971775054932,0.0
Closed Loop First Order,500,1798,0.6292238235473633,0.0
Closed Loop First Order,500,1840,0.6668226718902588,0.0
Closed Loop First Order,500,1772,0.6529755592346191,0.0
Closed Loop First Order,500,1805,0.6401002407073975,0.0
Closed Loop First Order,500,1783,0.6123263835906982,0.0
Closed Loop First Order,500,1784,0.6282079219818115,0.0
Closed Loop First Order,500,1825,0.6286590099334717,0.0
Closed Loop First Order,500,1765,0.6261773109436035,0.0
Closed Loop First Order,500,1873,0.645575761795044,0.0
Closed Loop First Order,500,1724,0.5966882705688477,0.0
Closed Loop First Order,500,1878,0.6387600898742676,0.0
Closed Loop First Order,500,1727,0.5989656448364258,0.0
Closed Loop First Order,500,1863,0.6379299163818359,0.0
Closed Loop First Order,500,1750,0.607276201248169,0.0
Closed Loop First Order,500,1822,0.6228301525115967,0.0
Closed Loop First Order,500,1809,0.6302778720855713,0.0
Closed Loop First Order,500,1793,0.6116535663604736,0.0
Closed Loop First Order,500,1814,0.641322135925293,0.0
Closed Loop First Order,500,1770,0.6145694255828857,0.0
Closed Loop First Order,500,1836,0.629124641418457,0.0
Closed Loop First Order,500,1756,0.600391149520874,0.0
Closed Loop Second Order,10,51,0.025503873825073242,0.0
Closed Loop Second Order,10,31,0.015001058578491211,0.0
Closed Loop Second Order,10,28,0.013999462127685547,0.0
Closed Loop Second Order,10,32,0.014999628067016602,0.0
Closed Loop Second Order,10,27,0.014001846313476562,0.0
Closed Loop Second Order,10,32,0.014505863189697266,0.0
Closed Loop Second Order,10,30,0.014354705810546875,0.0
Closed Loop Second Order,10,32,0.015000343322753906,0.0
Closed Loop Second Order,10,29,0.014999866485595703,0.0
Closed Loop Second Order,10,32,0.017003774642944336,0.0
Closed Loop Second Order,10,29,0.015012979507446289,0.0
Closed Loop Second Order,10,32,0.01700139045715332,0.0
Closed Loop Second Order,10,29,0.018998146057128906,0.0
Closed Loop Second Order,10,31,0.01900029182434082,0.0
Closed Loop Second Order,10,28,0.0135040283203125,0.0
Closed Loop Second Order,10,31,0.025000333786010742,0.0
Closed Loop Second Order,10,31,0.015001535415649414,0.0
Closed Loop Second Order,10,32,0.014998674392700195,0.0
Closed Loop Second Order,10,29,0.01300191879272461,0.0
Closed Loop Second Order,10,31,0.015000104904174805,0.0
Closed Loop Second Order,10,30,0.014997482299804688,0.0
Closed Loop Second Order,10,31,0.015000104904174805,0.0
Closed Loop Second Order,10,29,0.013000249862670898,0.0
Closed Loop Second Order,10,32,0.016001224517822266,0.0
Closed Loop Second Order,10,29,0.014505624771118164,0.0
Closed Loop Second Order,10,32,0.015999555587768555,0.0
Closed Loop Second Order,10,29,0.014999628067016602,0.0
Closed Loop Second Order,10,32,0.01599907875061035,0.0
Closed Loop Second Order,10,28,0.013501644134521484,0.0
Closed Loop Second Order,10,31,0.015253067016601562,0.0
Closed Loop Second Order,10,30,0.014999866485595703,0.0
Closed Loop Second Order,10,31,0.015000343322753906,0.0
Closed Loop Second Order,10,29,0.015000104904174805,0.0
Closed Loop Second Order,10,31,0.015002965927124023,0.0
Closed Loop Second Order,10,30,0.014506816864013672,0.0
Closed Loop Second Order,10,33,0.01699995994567871,0.0
Closed Loop Second Order,10,28,0.014001131057739258,0.0
Closed Loop Second Order,10,32,0.01600027084350586,0.0
Closed Loop Second Order,10,29,0.014006376266479492,0.0
Closed Loop Second Order,10,31,0.015504837036132812,0.0
Closed Loop Second Order,10,31,0.0149993896484375,0.0
Closed Loop Second Order,10,30,0.015000104904174805,0.0
Closed Loop Second Order,10,29,0.015000104904174805,0.0
Closed Loop Second Order,10,30,0.014003992080688477,0.0
Closed Loop Second Order,10,33,0.016508102416992188,0.0
Closed Loop Second Order,10,29,0.015000104904174805,0.0
Closed Loop Second Order,10,31,0.015001058578491211,0.0
Closed Loop Second Order,10,29,0.014000177383422852,0.0
Closed Loop Second Order,10,32,0.016001462936401367,0.0
Closed Loop Second Order,10,29,0.015506267547607422,0.0
Closed Loop Second Order,25,130,0.062000274658203125,0.0
Closed Loop Second Order,25,91,0.044394493103027344,0.0
Closed Loop Second Order,25,87,0.04200005531311035,0.0
Closed Loop Second Order,25,94,0.04450821876525879,0.0
Closed Loop Second Order,25,86,0.04300117492675781,0.0
Closed Loop Second Order,25,92,0.054514408111572266,0.0
Closed Loop Second Order,25,86,0.04800248146057129,0.0
Closed Loop Second Order,25,95,0.04450535774230957,0.0
Closed Loop Second Order,25,87,0.042001962661743164,0.0
Closed Loop Second Order,25,94,0.04350471496582031,0.0
Closed Loop Second Order,25,86,0.0409998893737793,0.0
Closed Loop Second Order,25,93,0.045842647552490234,0.0
Closed Loop Second Order,25,87,0.04200029373168945,0.0
Closed Loop Second Order,25,93,0.0465087890625,0.0
Closed Loop Second Order,25,86,0.04199957847595215,0.0
Closed Loop Second Order,25,94,0.045507192611694336,0.0
Closed Loop Second Order,25,87,0.04199934005737305,0.0
Closed Loop Second Order,25,94,0.04450678825378418,0.0
Closed Loop Second Order,25,86,0.0410001277923584,0.0
Closed Loop Second Order,25,94,0.04550957679748535,0.0
Closed Loop Second Order,25,89,0.043001651763916016,0.0
Closed Loop Second Order,25,93,0.04550623893737793,0.0
Closed Loop Second Order,25,88,0.043000221252441406,0.0
Closed Loop Second Order,25,91,0.04350614547729492,0.0
Closed Loop Second Order,25,87,0.04399895668029785,0.0
Closed Loop Second Order,25,93,0.04550528526306152,0.0
Closed Loop Second Order,25,89,0.04399991035461426,0.0
Closed Loop Second Order,25,92,0.04450869560241699,0.0
Closed Loop Second Order,25,88,0.04300284385681152,0.0
Closed Loop Second Order,25,92,0.04550647735595703,0.0
Closed Loop Second Order,25,86,0.04200029373168945,0.0
Closed Loop Second Order,25,94,0.0470123291015625,0.0
Closed Loop Second Order,25,87,0.04311394691467285,0.0
Closed Loop Second Order,25,92,0.04481363296508789,0.0
Closed Loop Second Order,25,86,0.0410008430480957,0.0
Closed Loop Second Order,25,95,0.04550647735595703,0.0
Closed Loop Second Order,25,87,0.04199981689453125,0.0
Closed Loop Second Order,25,94,0.045507192611694336,0.0
Closed Loop Second Order,25,85,0.043000221252441406,0.0
Closed Loop Second Order,25,93,0.04551076889038086,0.0
Closed Loop Second Order,25,88,0.044001102447509766,0.0
Closed Loop Second Order,25,92,0.04350709915161133,0.0
Closed Loop Second Order,25,86,0.04400300979614258,0.0
Closed Loop Second Order,25,93,0.045635223388671875,0.0
Closed Loop Second Order,25,88,0.041998863220214844,0.0
Closed Loop Second Order,25,91,0.04250741004943848,0.0
Closed Loop Second Order,25,89,0.04199957847595215,0.0
Closed Loop Second Order,25,93,0.04400300979614258,0.0
Closed Loop Second Order,25,88,0.04247903823852539,0.0
Closed Loop Second Order,25,92,0.04300260543823242,0.0
Closed Loop Second Order,50,272,0.1295163631439209,0.0
Closed Loop Second Order,50,195,0.09550762176513672,0.0
Closed Loop Second Order,50,197,0.12651300430297852,0.0
Closed Loop Second Order,50,202,0.09751558303833008,0.0
Closed Loop Second Order,50,202,0.09851312637329102,0.0
Closed Loop Second Order,50,195,0.09517812728881836,0.0
Closed Loop Second Order,50,203,0.09950613975524902,0.0
Closed Loop Second Order,50,201,0.09750866889953613,0.0
Closed Loop Second Order,50,201,0.09458184242248535,0.0
Closed Loop Second Order,50,201,0.0965120792388916,0.0
Closed Loop Second Order,50,199,0.0950617790222168,0.0
Closed Loop Second Order,50,198,0.0945138931274414,0.0
Closed Loop Second Order,50,198,0.0965125560760498,0.0
Closed Loop Second Order,50,202,0.09850668907165527,0.0
Closed Loop Second Order,50,195,0.09250283241271973,0.0
Closed Loop Second Order,50,207,0.10321354866027832,0.0
Closed Loop Second Order,50,198,0.09764456748962402,0.0
Closed Loop Second Order,50,202,0.09900355339050293,0.0
Closed Loop Second Order,50,199,0.09862804412841797,0.0
Closed Loop Second Order,50,203,0.09601187705993652,0.0
Closed Loop Second Order,50,199,0.09551334381103516,0.0
Closed Loop Second Order,50,201,0.09850692749023438,0.0
Closed Loop Second Order,50,198,0.09551024436950684,0.0
Closed Loop Second Order,50,196,0.09151101112365723,0.0
Closed Loop Second Order,50,200,0.09516692161560059,0.0
Closed Loop Second Order,50,198,0.09550714492797852,0.0
Closed Loop Second Order,50,205,0.09850525856018066,0.0
Closed Loop Second Order,50,197,0.09150815010070801,0.0
Closed Loop Second Order,50,207,0.10262513160705566,0.0
Closed Loop Second Order,50,191,0.09000992774963379,0.0
Closed Loop Second Order,50,210,0.09750556945800781,0.0
Closed Loop Second Order,50,194,0.08850622177124023,0.0
Closed Loop Second Order,50,202,0.09434223175048828,0.0
Closed Loop Second Order,50,192,0.09151148796081543,0.0
Closed Loop Second Order,50,202,0.09450888633728027,0.0
Closed Loop Second Order,50,198,0.0935063362121582,0.0
Closed Loop Second Order,50,201,0.09850955009460449,0.0
Closed Loop Second Order,50,202,0.09851336479187012,0.0
Closed Loop Second Order,50,198,0.1004641056060791,0.0
Closed Loop Second Order,50,201,0.10357356071472168,0.0
Closed Loop Second Order,50,201,0.09950947761535645,0.0
Closed Loop Second Order,50,203,0.09950613975524902,0.0
Closed Loop Second Order,50,197,0.09468221664428711,0.0
Closed Loop Second Order,50,201,0.09450411796569824,0.0
Closed Loop Second Order,50,198,0.09701824188232422,0.0
Closed Loop Second Order,50,200,0.09551167488098145,0.0
Closed Loop Second Order,50,197,0.09350848197937012,0.0
Closed Loop Second Order,50,201,0.09718036651611328,0.0
Closed Loop Second Order,50,203,0.10003066062927246,0.0
Closed Loop Second Order,50,201,0.09902286529541016,0.0
Closed Loop Second Order,100,529,0.2645285129547119,0.0
Closed Loop Second Order,100,373,0.21238303184509277,0.0
Closed Loop Second Order,100,358,0.1760120391845703,0.0
Closed Loop Second Order,100,381,0.18281102180480957,0.0
Closed Loop Second Order,100,363,0.17722225189208984,0.0
Closed Loop Second Order,100,378,0.17950725555419922,0.0
Closed Loop Second Order,100,364,0.17701268196105957,0.0
Closed Loop Second Order,100,381,0.1830141544342041,0.0
Closed Loop Second Order,100,361,0.1729583740234375,0.0
Closed Loop Second Order,100,377,0.18227839469909668,0.0
Closed Loop Second Order,100,362,0.1730177402496338,0.0
Closed Loop Second Order,100,378,0.17951154708862305,0.0
Closed Loop Second Order,100,363,0.18073153495788574,0.0
Closed Loop Second Order,100,371,0.17801737785339355,0.0
Closed Loop Second Order,100,365,0.1790142059326172,0.0
Closed Loop Second Order,100,376,0.17852330207824707,0.0
Closed Loop Second Order,100,364,0.17401409149169922,0.0
Closed Loop Second Order,100,369,0.17650842666625977,0.0
Closed Loop Second Order,100,367,0.18150615692138672,0.0
Closed Loop Second Order,100,371,0.17601275444030762,0.0
Closed Loop Second Order,100,368,0.18352556228637695,0.0
Closed Loop Second Order,100,380,0.18381834030151367,0.0
Closed Loop Second Order,100,360,0.17602109909057617,0.0
Closed Loop Second Order,100,379,0.18201565742492676,0.0
Closed Loop Second Order,100,360,0.17639398574829102,0.0
Closed Loop Second Order,100,380,0.18262243270874023,0.0
Closed Loop Second Order,100,363,0.17833280563354492,0.0
Closed Loop Second Order,100,373,0.18166089057922363,0.0
Closed Loop Second Order,100,366,0.17301678657531738,0.0
Closed Loop Second Order,100,370,0.1759648323059082,0.0
Closed Loop Second Order,100,374,0.18202757835388184,0.0
Closed Loop Second Order,100,370,0.17401528358459473,0.0
Closed Loop Second Order,100,363,0.1720106601715088,0.0
Closed Loop Second Order,100,368,0.17562150955200195,0.0
Closed Loop Second Order,100,368,0.17902088165283203,0.0
Closed Loop Second Order,100,370,0.17440104484558105,0.0
Closed Loop Second Order,100,364,0.17701411247253418,0.0
Closed Loop Second Order,100,376,0.18050670623779297,0.0
Closed Loop Second Order,100,369,0.18001151084899902,0.0
Closed Loop Second Order,100,375,0.17775440216064453,0.0
Closed Loop Second Order,100,369,0.17748737335205078,0.0
Closed Loop Second Order,100,370,0.17614006996154785,0.0
Closed Loop Second Order,100,369,0.1760244369506836,0.0
Closed Loop Second Order,100,367,0.1743769645690918,0.0
Closed Loop Second Order,100,378,0.18322110176086426,0.0
Closed Loop Second Order,100,357,0.1657848358154297,0.0
Closed Loop Second Order,100,373,0.17570877075195312,0.0
Closed Loop Second Order,100,360,0.1665172576904297,0.0
Closed Loop Second Order,100,383,0.18502283096313477,0.0
Closed Loop Second Order,100,361,0.17902183532714844,0.0
Closed Loop Second Order,250,1323,0.7013435363769531,0.0
Closed Loop Second Order,250,912,0.45101141929626465,0.0
Closed Loop Second Order,250,894,0.44151997566223145,0.0
Closed Loop Second Order,250,924,0.4632453918457031,0.0
Closed Loop Second Order,250,900,0.4458763599395752,0.0
Closed Loop Second Order,250,924,0.4588658809661865,0.0
Closed Loop Second Order,250,898,0.44385313987731934,0.0
Closed Loop Second Order,250,934,0.4661293029785156,0.0
Closed Loop Second Order,250,896,0.4412834644317627,0.0
Closed Loop Second Order,250,923,0.4531209468841553,0.0
Closed Loop Second Order,250,893,0.4423713684082031,0.0
Closed Loop Second Order,250,923,0.44806528091430664,0.0
Closed Loop Second Order,250,904,0.4385960102081299,0.0
Closed Loop Second Order,250,918,0.46143555641174316,0.0
Closed Loop Second Order,250,896,0.4401886463165283,0.0
Closed Loop Second Order,250,919,0.449420690536499,0.0
Closed Loop Second Order,250,904,0.4350087642669678,0.0
Closed Loop Second Order,250,923,0.4541008472442627,0.0
Closed Loop Second Order,250,900,0.43758368492126465,0.0
Closed Loop Second Order,250,919,0.4592416286468506,0.0
Closed Loop Second Order,250,902,0.4490199089050293,0.0
Closed Loop Second Order,250,931,0.4810764789581299,0.0
Closed Loop Second Order,250,885,0.5102956295013428,0.0
Closed Loop Second Order,250,924,0.4374666213989258,0.0
Closed Loop Second Order,250,888,0.4357571601867676,0.0
Closed Loop Second Order,250,934,0.4851646423339844,0.0
Closed Loop Second Order,250,905,0.4595305919647217,0.0
Closed Loop Second Order,250,917,0.4451014995574951,0.0
Closed Loop Second Order,250,912,0.44925689697265625,0.0
Closed Loop Second Order,250,909,0.43877243995666504,0.0
Closed Loop Second Order,250,928,0.45523691177368164,0.0
Closed Loop Second Order,250,899,0.44104480743408203,0.0
Closed Loop Second Order,250,910,0.44684648513793945,0.0
Closed Loop Second Order,250,896,0.4428064823150635,0.0
Closed Loop Second Order,250,913,0.44757890701293945,0.0
Closed Loop Second Order,250,912,0.4425976276397705,0.0
Closed Loop Second Order,250,900,0.43734049797058105,0.0
Closed Loop Second Order,250,930,0.453265905380249,0.0
Closed Loop Second Order,250,894,0.4407522678375244,0.0
Closed Loop Second Order,250,929,0.45143842697143555,0.0
Closed Loop Second Order,250,896,0.4398829936981201,0.0
Closed Loop Second Order,250,931,0.45888471603393555,0.0
Closed Loop Second Order,250,891,0.4409966468811035,0.0
Closed Loop Second Order,250,923,0.44849658012390137,0.0
Closed Loop Second Order,250,910,0.4431734085083008,0.0
Closed Loop Second Order,250,914,0.44892096519470215,0.0
Closed Loop Second Order,250,903,0.4427008628845215,0.0
Closed Loop Second Order,250,910,0.44298362731933594,0.0
Closed Loop Second Order,250,916,0.4456970691680908,0.0
Closed Loop Second Order,250,903,0.4362623691558838,0.0
Closed Loop Second Order,500,2633,1.3229255676269531,0.0
Closed Loop Second Order,500,1857,0.9228408336639404,0.0
Closed Loop Second Order,500,1798,0.8799872398376465,0.0
Closed Loop Second Order,500,1898,0.9341280460357666,0.0
Closed Loop Second Order,500,1813,0.909752607345581,0.0
Closed Loop Second Order,500,1878,0.9417061805725098,0.0
Closed Loop Second Order,500,1813,0.9114718437194824,0.0
Closed Loop Second Order,500,1910,0.9456424713134766,0.0
Closed Loop Second Order,500,1818,0.90016770362854,0.0
Closed Loop Second Order,500,1882,0.9296844005584717,0.0
Closed Loop Second Order,500,1800,0.8783862590789795,0.0
Closed Loop Second Order,500,1867,0.9172155857086182,0.0
Closed Loop Second Order,500,1828,0.8925678730010986,0.0
Closed Loop Second Order,500,1856,0.9107213020324707,0.0
Closed Loop Second Order,500,1829,0.8995118141174316,0.0
Closed Loop Second Order,500,1865,0.9049851894378662,0.0
Closed Loop Second Order,500,1839,0.9015741348266602,0.0
Closed Loop Second Order,500,1860,0.9172337055206299,0.0
Closed Loop Second Order,500,1826,0.8877918720245361,0.0
Closed Loop Second Order,500,1871,0.9179577827453613,0.0
Closed Loop Second Order,500,1831,0.8891749382019043,0.0
Closed Loop Second Order,500,1879,0.9308722019195557,0.0
Closed Loop Second Order,500,1826,0.8829050064086914,0.0
Closed Loop Second Order,500,1873,0.9153790473937988,0.0
Closed Loop Second Order,500,1800,0.883286714553833,0.0
Closed Loop Second Order,500,1901,0.9363138675689697,0.0
Closed Loop Second Order,500,1842,0.8968720436096191,0.0
Closed Loop Second Order,500,1864,0.9093384742736816,0.0
Closed Loop Second Order,500,1822,0.8821432590484619,0.0
Closed Loop Second Order,500,1859,0.9033708572387695,0.0
Closed Loop Second Order,500,1861,0.9049797058105469,0.0
Closed Loop Second Order,500,1844,0.8945631980895996,0.0
Closed Loop Second Order,500,1841,0.8977622985839844,0.0
Closed Loop Second Order,500,1833,0.9113974571228027,0.0
Closed Loop Second Order,500,1835,0.894127607345581,0.0
Closed Loop Second Order,500,1856,0.9133186340332031,0.0
Closed Loop Second Order,500,1820,0.8822355270385742,0.0
Closed Loop Second Order,500,1887,0.925971508026123,0.0
Closed Loop Second Order,500,1805,0.8710854053497314,0.0
Closed Loop Second Order,500,1878,0.9192476272583008,0.0
Closed Loop Second Order,500,1819,0.8959741592407227,0.0
Closed Loop Second Order,500,1885,0.9255580902099609,0.0
Closed Loop Second Order,500,1819,0.8778748512268066,0.0
Closed Loop Second Order,500,1868,0.9151864051818848,0.0
Closed Loop Second Order,500,1845,0.9196712970733643,0.0
Closed Loop Second Order,500,1838,0.9154167175292969,0.0
Closed Loop Second Order,500,1841,0.9148838520050049,0.0
Closed Loop Second Order,500,1845,0.9000132083892822,0.0
Closed Loop Second Order,500,1858,0.9134972095489502,0.0
Closed Loop Second Order,500,1846,0.9079017639160156,0.0
